Echantillon_ID,Variete,Fertilisation,Irrigation,Bloc,Proteine,Humidite,950,954,958,962,966,970,974,978,982,986,990,994,998,1002,1006,1010,1014,1018,1022,1026,1030,1034,1038,1042,1046,1050,1054,1058,1062,1066,1070,1074,1078,1082,1086,1090,1094,1098,1102,1106,1110,1114,1118,1122,1126,1130,1134,1138,1142,1146,1150,1154,1158,1162,1166,1170,1174,1178,1182,1186,1190,1194,1198,1202,1206,1210,1214,1218,1222,1226,1230,1234,1238,1242,1246,1250,1254,1258,1262,1266,1270,1274,1278,1282,1286,1290,1294,1298,1302,1306,1310,1314,1318,1322,1326,1330,1334,1338,1342,1346,1350,1354,1358,1362,1366,1370,1374,1378,1382,1386,1390,1394,1398,1402,1406,1410,1414,1418,1422,1426,1430,1434,1438,1442,1446,1450,1454,1458,1462,1466,1470,1474,1478,1482,1486,1490,1494,1498,1502,1506,1510,1514,1518,1522,1526,1530,1534,1538,1542,1546,1550,1554,1558,1562,1566,1570,1574,1578,1582,1586,1590,1594,1598,1602,1606,1610,1614,1618,1622,1626,1630,1634,1638,1642,1646,1650,Commentaire_Terrain,Capteur_Secondaire
ECH014,Apache,N90,Pluvial,B4,11.38,10.25,0.46815433918674715,0.4647115494491632,0.4724943301231272,0.4807598480476184,0.4817192296712785,0.48386461315725154,0.489253991524079,0.4908319926695977,0.49620946010036954,0.49850395549907717,0.5034950723712684,0.5031672466034965,0.5079246382657877,0.5073421753037444,0.509429518801305,0.5192188629952323,0.5174848901555168,0.5218408932461833,0.5222197569165082,0.5223248706214028,0.5261497360112979,0.5322384795670078,0.5311783929742359,0.5257185639252685,0.5312981333958682,0.5381275718948656,0.5327204632540186,0.5282873879139675,0.5394452558096098,0.5356483499581904,0.532994258871972,0.5314741715755391,0.5350160473792875,0.5291378775277981,0.5330379624460228,0.5299066732991257,0.5275850704208058,0.5257740909006886,0.5232539283795924,0.5253627626722761,0.5181514256838252,0.5145732179252694,0.5202766271103139,0.5198077822385496,0.5195709539403902,0.5206327215108266,0.5212061227364515,0.5292715978558188,0.534076562692406,0.5432411331135516,0.5580521080280509,0.58365320482758,0.5956456157161593,0.6303133802534335,0.6561055853775215,0.6967137357349378,0.7339131262682671,0.7676737390008369,0.8122578748899452,0.8432852900720718,0.8653970585211902,0.8934557269608904,0.9049986444154383,0.9046548882823994,0.8904818161711444,0.8692636403072411,0.8447801140403859,0.8114152600920166,0.7714731481813359,0.7253505300625234,0.6893651587472239,0.6528833946331275,0.6124386728146086,0.5898718497363821,0.5705084374025927,0.5454144956078001,0.5319622409547152,0.5158598430786928,0.5059750244624305,0.5007196008255795,0.49243491238466497,0.48872829522110683,0.4931820005291046,0.49197535028839734,0.4838381321379914,0.48897953878740663,0.4852751091176135,0.48613641981583333,0.4861509288163187,0.48744935270725726,0.4844361373771762,0.4881568684024232,0.4846063603290575,0.4853166307233021,0.4807293405432916,0.48951877347938966,0.48431022500476983,0.48496617543983195,0.4780335878327388,0.4805777796483002,0.4871778580679111,0.48507537755215585,0.47969222644620035,0.4904132160043951,0.4884024591015867,0.4981495385243371,0.499006664514471,0.5070835833749948,0.5194551564251016,0.5253410431608123,0.5402355593432814,0.5612129655036571,0.5865205617646856,0.6060206009253611,0.6346114361540232,0.6749681619259903,0.7062333775457917,0.7441862705084014,0.7777446103396969,0.8185076343740986,0.8555364369912584,0.8896131778325485,0.9105472878733204,0.9373529656333445,0.9423150669279489,0.9461301015807112,0.9482028500797847,0.9314579988774478,0.9088658204271293,0.8832318001709693,0.855702576813385,0.8202300165385199,0.7753464254738888,0.7389034221494124,0.7011564539489832,0.661546559927847,0.6306089526959395,0.60032833105298,0.5768828762110729,0.5539564075116905,0.5298500282666581,0.5140895953826018,0.5036650934190129,0.489504605283158,0.48484360832643286,0.4764555100298379,0.46890404698860705,0.46515914515504986,0.46943648157632484,0.46231470816972325,0.4658387702840229,0.45781908573160024,0.45888258668369025,0.4639686562729229,0.4524803844140396,0.4488650821458796,0.4573439518050936,0.4499330663258862,0.45127410010383506,0.44848824768641216,0.44994353228356015,0.44516158252257637,0.4463275110742423,0.4470504457731368,0.4414892050984975,0.44120665751459853,0.441037522178176,0.4365464065446274,0.4382992798809128,0.4386389475895353,0.435781588883779,0.4348464978756865,0.43426468918509953,0.4310049944641006,0.43367802091181296,0.434530891106899,,18.96
ECH090,Fructidor,N180,Irrigué,B5,14.71,14.46,0.49447213408887086,0.5020036751399889,0.5137643462858958,0.5137103290743245,0.5202638779490419,0.5173235564172328,0.5249222631237045,0.5237390194496794,0.5258400139455283,0.531020204212353,0.5235142127800353,0.5230617553191774,0.5183275251572093,0.5212565890756949,0.5141379731387056,0.5159460512700685,0.5049608852762575,0.508691127783478,0.502453881107749,0.504197535364414,0.4999160459833379,0.49665373180909445,0.49575557232864736,0.49335446292588436,0.4977138326041417,0.4916155043537836,0.4937452287550749,0.49554918235953593,0.4994631880845122,0.4948107235618563,0.494403174064696,0.496294756191756,0.4896278712806708,0.49264328759860226,0.49551080455385516,0.49489758006975737,0.492636413840678,0.5004259205275547,0.49907576239451956,0.4992260765973095,0.49735481525284825,0.5005207032492366,0.5030245936020906,0.5024405450817994,0.5071616649987978,0.5072523108453383,0.5154553208857545,0.5264221123614605,0.5375247176370588,0.5523949480621704,0.5683372089176186,0.5917581850450536,0.62002227441,0.6512332857076669,0.6930815898440444,0.7412817041942102,0.7887853303691319,0.8412221778780685,0.8868274849071083,0.9219943567063866,0.9602478717116992,0.9802994460445675,0.9961543296884713,0.9964001095424356,0.9850842966238854,0.9556960337957772,0.9262346841737101,0.8761639407678111,0.8395404908106048,0.7874754628870033,0.7399971522149036,0.6890179696997886,0.6533058139206436,0.623064951175941,0.587839762645736,0.5669180286521062,0.5456686269868709,0.5340411599564238,0.5204824009483384,0.5091875304115787,0.5065557112188014,0.5073230409074673,0.5013857901999261,0.4977770284220512,0.5037043092069526,0.4996008198129894,0.49799637178946066,0.4960666013467013,0.4969610305126227,0.496765839204175,0.48766810049608844,0.4951613757964813,0.49327181369543727,0.4920521212953945,0.49278901576435796,0.4885715596079139,0.4877503760156927,0.49692292906073315,0.4947318243718383,0.48648113122334224,0.4926775713317088,0.49818248350631755,0.49646420713902073,0.5036687236714597,0.5068778663992899,0.5049857914544382,0.5159201873502665,0.5247619323741103,0.5346950888368601,0.5508121505370248,0.5731563011946567,0.5985954649007991,0.6311789952175372,0.668263458893618,0.7063242512327137,0.7510819889640757,0.795665660685056,0.8483270120964386,0.897036312783637,0.9462463724515194,1.0005090522075488,1.0302035146085933,1.0671395692308214,1.100950076997437,1.1161902713321261,1.119145939357784,1.1157592703634314,1.1009006072534653,1.0812341955815066,1.048542938504331,1.009342039067883,0.9542796098087623,0.9066941327450827,0.8573227092371859,0.817190547524362,0.7686260695561785,0.7251782599490038,0.6874971079387909,0.6532571984915772,0.621556436368894,0.6026858060120445,0.5812098552077869,0.5627119141339657,0.5559561434226046,0.5436828163200687,0.5386241428410375,0.5322964342376094,0.5313791214725522,0.5263284462316988,0.5206045158176035,0.5221945048218829,0.5204687685238493,0.5191849942891047,0.5189813721220156,0.5121626481390766,0.5140269635348363,0.5047165601023608,0.507246944407102,0.5043490033923038,0.5069415714240235,0.4994263194360068,0.4989050198466139,0.48888785062728196,0.4901353089775,0.4856132432906875,0.49250372316616015,0.4799828716379824,0.47910742834191006,0.47618567958203634,0.4679842181341058,0.46816229361288725,0.46799451179621643,0.4641385509191063,0.4541502532183827,0.45659543173776873,0.45868288593871664,,
ECH019,Apache,N90,Irrigué,B4,11.32,14.87,0.4414015767562017,0.44266014342969057,0.4422828699283691,0.44824092430321194,0.4494632241237727,0.45047575183432514,0.456290536872533,0.45859768325017625,0.46657794423917853,0.46972890122621475,0.46830806043596473,0.4733103487209289,0.471545972296832,0.4786058343549475,0.48417199184878107,0.48823336006594514,0.4862795590303441,0.49409086374139405,0.488741883006806,0.4917186113869958,0.4995652711169173,0.5042119752016034,0.5022162581446902,0.5019172733586346,0.4965127268392816,0.4978440526064266,0.5048643207321445,0.5037196107535409,0.5015513885157169,0.5049052271954452,0.5046683908250255,0.5065578163649781,0.5033381500175482,0.505636823359386,0.5008381194738776,0.49919216118163207,0.5013423961302904,0.4937432897065656,0.5036069443129335,0.49477956286244956,0.4933583435011419,0.49251732125034253,0.4955922284959031,0.49182734919539534,0.48483459376247995,0.495087878964588,0.49251216509059725,0.4984308640705072,0.501323475530569,0.516870651867358,0.527138207822119,0.5473672722059852,0.5686893193529693,0.6023387661862312,0.633752420836169,0.6626347938961537,0.699580964713822,0.7356840487805345,0.7760371602622778,0.8039482085507564,0.8300246208939056,0.8528199507745091,0.8576966530375083,0.8587035981962808,0.8436515692070644,0.8309047803757322,0.8072306435526857,0.7702939620973562,0.7354993103907083,0.6900112772730719,0.6551614200045003,0.6156694458106237,0.5852440637623081,0.5598224040925712,0.5338642536131115,0.5098002473515877,0.49467265948591704,0.482651123800895,0.47945614813949095,0.4777746348784373,0.47113257961754096,0.45820227488344845,0.4659904000734372,0.46306128819484854,0.4546030287196618,0.4576167664424419,0.461290242699735,0.45924894469378075,0.4533344410514556,0.4587998239293123,0.4502866053860253,0.455779797717117,0.45962676310293543,0.4560508254534628,0.4543073345197176,0.458320273447705,0.4584864704669891,0.4594984485235655,0.45834452365373957,0.4593395828563492,0.4589930685431743,0.458758048214806,0.4600574312378601,0.4618153009624234,0.4628558531194155,0.46920930101635744,0.47888825509926924,0.4907189249213483,0.5077493296025677,0.52049369623986,0.5451441633544472,0.5716917033919026,0.5992239701481278,0.6384377039592536,0.6777750466508302,0.7289490496156298,0.7771251132942661,0.8243867676092662,0.8820769649485831,0.939156044392761,0.9831690200031372,1.0292726587119851,1.0664246171108605,1.0893499132876734,1.1110525335330903,1.1108780182760227,1.1068876200891151,1.0941738495689735,1.0635844342420473,1.0239797654107463,0.9812472513279223,0.9294517954805589,0.8762682270052154,0.8237758476145401,0.7660818968425511,0.7173383454794445,0.6689797266850657,0.6224707881338575,0.5868797986479692,0.5620149563877398,0.5312620978680409,0.5037231163398307,0.48496335778048655,0.47487967819730725,0.4686841233704035,0.4548057927124167,0.4527086266244772,0.44486008237570857,0.4414405982627544,0.4331307227545254,0.43769917704164957,0.4320758157125055,0.4341656011663101,0.4278269040806824,0.42961712701035304,0.42903096282316994,0.42643981015098303,0.42705783506517137,0.423988107158628,0.42177496700171263,0.4274597202734856,0.42469435977559594,0.41815052681095355,0.42100464173195046,0.4159177553149317,0.4134185768866706,0.4188815181797057,0.4094562616200547,0.41611908506949224,0.4113323258421845,0.41019042296211716,0.4107720921189352,0.4099880577403071,0.40445157035678225,0.40775512446630385,0.4045993326197203,,19.85
ECH021,Apache,N180,Pluvial,B1,14.05,10.19,0.4393883661171728,0.45285646922472783,0.4657364013829918,0.4623833902496225,0.46423950986739737,0.4771573334272714,0.47682798384951275,0.48669628709201834,0.4849227025260785,0.4860106777220863,0.48870498033763315,0.4921080747590088,0.48911142815141545,0.4877479885369792,0.48770581734664264,0.4833053487882698,0.4870104154635692,0.47914515492010495,0.48193125522625885,0.48443103181661024,0.48211482855371346,0.48220157112532414,0.47962086775168056,0.48284406021322146,0.48172389499872265,0.4799568727647258,0.4810801014590712,0.4801974854068607,0.47621092368979684,0.4729865176660721,0.47765306153678183,0.47727564645526743,0.4780200151467873,0.4709176879116406,0.4698595669126908,0.47269829835748034,0.4697520981450598,0.462889915998192,0.46822626459497213,0.460121751222619,0.46151939427556254,0.4672893451784572,0.4679398825500918,0.45860901929007497,0.4619021726287332,0.4648713952741246,0.4736364491383027,0.4726393215027935,0.48145541225687166,0.49996042510930755,0.510982242735538,0.5360317551544239,0.5565477502205455,0.5929909393862749,0.6260719946536627,0.669529862268628,0.719474160846918,0.7616739101099428,0.8039263676972069,0.841266475616607,0.8744667690515756,0.8983722182365455,0.9117992990169947,0.9004991818591886,0.8935413749881294,0.8732042670233405,0.8398229507652298,0.8016789676822161,0.7571515648256248,0.7094618571996497,0.663377780047726,0.6213604768489002,0.5867178279711771,0.5472037069625139,0.5206809783816251,0.49817332534202996,0.4839532809352717,0.4643149576050772,0.4576299328640835,0.45086912702245735,0.441623539659852,0.43747510858116184,0.4345967462319995,0.43311434757347234,0.43529379858230394,0.43263206397398424,0.4320792609078413,0.42757096473706685,0.42770050044176583,0.4367385480569749,0.4295089401777329,0.42747063933042245,0.433854664526323,0.43018717713884913,0.4308747280797712,0.4285514176761557,0.42787608299009533,0.42825357128206365,0.42464150929308014,0.4286990471843743,0.43023832939434054,0.4355977301252329,0.43143572201131425,0.42590686115235715,0.4351682671483681,0.44727489332335224,0.44663038075713535,0.44828788710119033,0.4612737428588763,0.4685322590337263,0.4808035198289219,0.5010934841087399,0.5230772768334071,0.5413238590386933,0.5710022418476899,0.6050375715760605,0.6368145105651534,0.6739057881049201,0.7043464760864188,0.7447303889129486,0.7715758077543179,0.8091076614188202,0.8232295965365085,0.8432380508965234,0.8589067675176428,0.8661866864841196,0.8578725313318689,0.8467485629694739,0.8262428520484562,0.7981790854556674,0.7699961049196948,0.7345463426632493,0.6989957749633827,0.6680070894771117,0.6279795928898023,0.5984943817190909,0.5622808507105835,0.5387608749002828,0.5114492146302305,0.4956375780180789,0.47426631124386937,0.4620305652982415,0.44391591892603344,0.4366709824554407,0.4259509092098798,0.42174000862611377,0.4176299670443318,0.41271899591129296,0.40851853614455463,0.40577184026332785,0.4012539913795098,0.4036516630261832,0.4074426091043603,0.39962723237150366,0.39925542387665436,0.40771037339827837,0.3994242315418621,0.40129617068426066,0.4012530496021396,0.4002945891345,0.3927052985165343,0.39552661136702433,0.3902939444192031,0.401397272424094,0.38816418456029983,0.388676752030852,0.38755121944210774,0.38501748662911145,0.39238186649119755,0.3943907369508071,0.3844787047161625,0.38071108199173886,0.3767124330290811,0.38142684393534304,0.3799318042321963,0.37763520176180965,,
ECH013,Apache,N90,Pluvial,B3,11.12,10.03,0.4456490700250085,0.4408103995326797,0.4456337331783232,0.4509761675334908,0.4535188330911183,0.45308847758608845,0.4489089052158944,0.460654094382344,0.4555165777491406,0.46966718032342014,0.4688432165607264,0.47438862936289217,0.4716966397977361,0.47269763588961555,0.4810080855378213,0.4828935369373885,0.48416556688853357,0.4883972326584796,0.49878655329066995,0.4951486699109619,0.4977577553429939,0.4988939147876845,0.5023295701774801,0.49861630040673083,0.494076506302412,0.5004837728508487,0.5040463984527137,0.4990177870866481,0.5014727807093409,0.4997671646225916,0.5059649982746621,0.5031120613281976,0.5020263446241392,0.5009650243659245,0.4978569784419939,0.49729206629430456,0.4917621756196677,0.48729464926513094,0.4927958462475538,0.49181316939416914,0.4930340503481762,0.49284523345933823,0.4918519590186396,0.4836182217966513,0.4857208565127347,0.48938884480927003,0.498111460333166,0.49939811614285307,0.5051796660547878,0.5105313199586226,0.522504875283872,0.5450607041819822,0.5613300249263702,0.590299011589971,0.6211766199333792,0.6601762295141254,0.690364797653176,0.7206533560057048,0.7645616629452382,0.7924155207212847,0.8203781132652127,0.8381485861649286,0.8467891572491507,0.8494892654004786,0.8323294441272155,0.8162161850293614,0.7930567496386605,0.7566419075521895,0.7174848350035842,0.6866319042849786,0.650767240638804,0.6121293244197099,0.5745526406815123,0.5547788247346286,0.5242790189509021,0.511107703865145,0.4924477018347358,0.48007414798096576,0.47361276695469345,0.4681320510087528,0.4623111697875755,0.4629228106097623,0.4577005633470904,0.46053360509234836,0.4574421350366741,0.4538052078073126,0.45278477294229535,0.4500386868968141,0.45552023141964904,0.45329151814661445,0.44697019245041375,0.4522269467281003,0.4508909287170077,0.4580944636546891,0.4480505701755068,0.4486534101779283,0.4561678256450933,0.4568334357623017,0.450552292322933,0.45106335245016166,0.45519874974556435,0.4470733163417669,0.4496185332478735,0.45611824651090577,0.46419183485504745,0.46190073667870457,0.46856929723342106,0.4784709112934392,0.4903205890503133,0.49372133227985765,0.5097521367202529,0.5328422379477341,0.5438329273552746,0.5760402689415329,0.5978915724082309,0.6323438935850446,0.6649176427074937,0.6980592591050252,0.7338687881506573,0.772848636399279,0.8081124348096858,0.8342948908290475,0.8595122060373405,0.879467849266874,0.8861687265380094,0.894898443894878,0.8907897617460288,0.8840602452106991,0.8559129666290702,0.8302898747800449,0.8036483398638219,0.7699217088119857,0.7298797802824116,0.6936040815712073,0.6603527197948841,0.6218301958461366,0.591172027343781,0.5638509815317035,0.5411654881924824,0.5144788092447345,0.49231438642316555,0.4768464169128599,0.4664536979754397,0.45643115034212306,0.45215356813361673,0.4430220142669466,0.4398238238567501,0.43601612860810646,0.43422485429800284,0.4373105827330955,0.4335460166064068,0.43011697287936157,0.4273888927257923,0.42630064408506674,0.42748736763443074,0.42720160364521476,0.4216893331750719,0.42348769303568523,0.41624275003486333,0.4219193951309448,0.42250104641219344,0.4182864079159176,0.42346883502869376,0.41424837243606183,0.4163973836075724,0.41447088532781895,0.41309141543108835,0.4118443672322037,0.4112852411241956,0.4122665006310021,0.41259721515233716,0.4071819316598744,0.40834323961690105,0.40248519815432054,0.4055668614827879,0.3996475179271734,,
ECH023,Apache,N180,Pluvial,B3,14.41,9.98,0.4835015931544767,0.4883400924231037,0.4974250227523823,0.5027311933291071,0.5059607322539578,0.5193542729219839,0.5175527304232901,0.5249354159659775,0.5184881843910016,0.5318297278279981,0.5338135072654263,0.5301257730463705,0.531669245483105,0.5310820327949999,0.5264902015400386,0.5288127709686777,0.5233714791054495,0.5225839842483885,0.5264802620106755,0.5248508441241181,0.5188078363140524,0.5179080229385454,0.5175231518730161,0.5211498971794655,0.515545571498791,0.5192658751567347,0.5200974279837152,0.5172213538850294,0.5200761801526353,0.5155935178854882,0.5152037989599144,0.5121170555871557,0.5171621291131455,0.51073231157905,0.5128697210428302,0.5102764639171795,0.5059045592141926,0.5057397675934094,0.5101917222795085,0.5051520127196896,0.5001307727150792,0.5029057814470771,0.500764092852479,0.5113830559100087,0.5026075256306775,0.5026601727610859,0.511947096105748,0.5085115105135608,0.5238498527792619,0.5430433399936573,0.5549277604625322,0.5736676185589648,0.6070672668609276,0.6478629775720028,0.6853059137167568,0.7267756875658087,0.7751804598718631,0.824156061411596,0.87355957199048,0.9183323197489451,0.9517222649813172,0.9741359452486347,0.9811099064460673,0.9806186270241372,0.9728557347039218,0.941993154414236,0.9100589991327184,0.8687278766284228,0.816643005926991,0.7672170917957222,0.7208414221784285,0.6762365303551426,0.635881426113102,0.5978522815685539,0.565369464890058,0.5377483976894214,0.5169124988333109,0.5033806497850349,0.49482228887257484,0.48640189925197114,0.47329752381098256,0.4732327451203485,0.4764779298929826,0.4712658469327769,0.4655378959272636,0.4760054398827754,0.4682453031723918,0.469029618809178,0.4687095953308186,0.46609551371677105,0.4647341171721824,0.473020068690654,0.469417599627658,0.4686413875114741,0.4676908931198845,0.4627662789457262,0.46946571183092034,0.4630264817732307,0.46642897425594704,0.4608348407285727,0.4600258957827574,0.4678179830899927,0.4656004738247575,0.46384555285213663,0.4740567449716769,0.48251843601557265,0.4854652635164101,0.487435465462209,0.4973062107106474,0.5115770013963494,0.5268597460464791,0.5403165233557198,0.56280873432472,0.5885582905531875,0.6177542769226654,0.6472802563996991,0.6814654760012184,0.7218171168510312,0.7577646063012432,0.7913322032274436,0.8286927296485153,0.8524064390567099,0.8834453192932682,0.8989503917183125,0.9186449398495733,0.9089059495149974,0.9059960977743242,0.8970424964116844,0.8774597747433466,0.8563324382290821,0.8176659855262511,0.7879635377990883,0.7521777578124929,0.713542602935508,0.6718805146575932,0.6440161290413469,0.6110573246208849,0.5798818894685974,0.5528815264713899,0.530707927090358,0.5110434532988258,0.4977090841021569,0.48331432959435194,0.4706525435818212,0.46217124450908204,0.45693184752241056,0.4551193498206065,0.4507168675144955,0.4486029772028767,0.44721661653307443,0.44201648037623353,0.446775549232035,0.4402535466881767,0.43856137913796783,0.4401903080804788,0.43215683444233255,0.4342362737857009,0.4384955167814068,0.42927752585989176,0.43676697855807994,0.43685545767764544,0.43010274097364365,0.43095581116152926,0.43228667015492156,0.4263577960900898,0.42917015058074537,0.42334228029366633,0.42269249887529736,0.4204780529678564,0.4226364886510274,0.4237972568471773,0.4184687546148453,0.4138886833986137,0.41311992121302454,0.4162024286059962,0.41918727386040544,,20.86
ECH012,Apache,N90,Pluvial,B2,11.29,10.36,0.45215808576859595,0.45416307899532393,0.46606740590538226,0.46200890146671286,0.4616072684260241,0.4646833767157927,0.46698984330405285,0.47571907688965437,0.474934221907451,0.47953895333304347,0.4820908346302946,0.48757737278993435,0.48590211784026144,0.4882129712569985,0.49502715016942256,0.4989680048379821,0.5008490334962981,0.4999644184589082,0.5068020359048335,0.5047318958516421,0.5073930703648886,0.5079054796134805,0.5161932817427121,0.5155052147669025,0.5164903299501169,0.5192380946502894,0.5245046587925967,0.5112598631325644,0.5142482452171037,0.5144530089572209,0.5133596501060064,0.5120750454801877,0.5136047777235526,0.5098676112783677,0.5133738453428381,0.5112352622679441,0.5111208264720348,0.5097154917434763,0.5084711899795809,0.5040168724481731,0.5100477340316363,0.5031000223164187,0.4958163831089358,0.497877430374814,0.49585984736036953,0.5023653842199769,0.5046200298133299,0.5081832646276415,0.5227196139618622,0.5285332725986146,0.5429600457804233,0.5560881852466985,0.5785164653088876,0.6088368229116368,0.6407081422909046,0.6695554791112286,0.7117389176173397,0.7500029671934361,0.785485069806613,0.8161348680933462,0.8434969930885856,0.8633120739435505,0.8736084583815166,0.8746508820742193,0.8655819123033052,0.8417115862551184,0.8136449671767484,0.7828095094575431,0.7460468699811305,0.7040705413059442,0.6693737069247734,0.6337296552117329,0.6018605174165091,0.5746946747377577,0.5426413699896636,0.5256212664923555,0.5100819095817272,0.4978454048488173,0.4873152411920301,0.4783610146522909,0.4785248243078764,0.4727634732641142,0.4731472882533533,0.46902083479910855,0.4670828652756882,0.4703663297861351,0.46958894781294064,0.47046414900792166,0.47494438739664174,0.46892079918572954,0.4692713247126983,0.4643268875919687,0.4634554410580553,0.4718352711928526,0.46410585910185864,0.4635623391051519,0.46643865210846336,0.46621505270831465,0.463811450937129,0.4657928715375687,0.47081341553783707,0.4654542409225671,0.4649026417751316,0.47376347525775336,0.47512812930749526,0.4756421043513666,0.47807025484245935,0.4877254965052689,0.49916887463708887,0.5148480655832737,0.5232994679371812,0.5445935381405631,0.5689285959502414,0.5855222580425167,0.6251285706352936,0.6510931843992147,0.6908918012847944,0.7276519002774092,0.7678079774859651,0.8031328443847546,0.8290774506440693,0.8648636160779547,0.8934604205652594,0.911823520131805,0.9257342240108634,0.9304527349844585,0.9253633972733367,0.9102376562276618,0.8852116316907508,0.8627853410261194,0.8336161709677804,0.7935840649948248,0.7610334226717962,0.7234237068318697,0.68325446211248,0.6376075392611853,0.6095193960812832,0.5888059119316107,0.5548853549786301,0.5276416821921323,0.5179709069386735,0.49833882361726367,0.4886692338144772,0.47586653694163655,0.46830399816443696,0.4617192283166579,0.4578642876009097,0.4588611057394926,0.45204031245255083,0.4421028800855255,0.4463421327607485,0.4468910957300687,0.4457444954427281,0.4396581508016697,0.4433142218432053,0.4415279851431715,0.4454074385783142,0.43438888043165236,0.43405939363093193,0.43359335250630776,0.43195479149927,0.42965063961687383,0.42290830786307737,0.42874779218712045,0.4299953761505815,0.42622307907863427,0.4323046915740014,0.4253152684598862,0.4279061075542266,0.42355699402250147,0.42397408624938177,0.4210377590569932,0.42299524575316244,0.41772993042701956,0.4177087585651564,0.41596346644764237,,
ECH071,Fructidor,N90,Pluvial,B1,11.28,9.61,0.46691818487438363,0.4652709111051901,0.46525488516945773,0.46740319636772854,0.4706427079945154,0.47097589819401686,0.4698122404095441,0.47343057775807446,0.4740190188857456,0.4718485381329793,0.47547525274810143,0.47913008833204196,0.48013680646236234,0.47873539200950244,0.48243665919646816,0.4784233042597188,0.47944844796371855,0.48244896040047186,0.4885774991275493,0.4854311079729679,0.48494602762744254,0.4912093010557588,0.4864946224770551,0.49481180438348493,0.48729939503183384,0.4864970575165713,0.4897054348418028,0.490102775350229,0.4890455989245029,0.4998666817670207,0.49358203712516846,0.4945579638347345,0.4922927997264667,0.49243376624392904,0.49770866570242456,0.4900497949043621,0.49207998570524886,0.4951940626660182,0.5004301824882804,0.4957372705719878,0.49868267141731426,0.49825356665341053,0.5030683825836592,0.49586812865363705,0.5049308763888861,0.5051867133011186,0.512966087017184,0.5139637443154249,0.5250954484350999,0.5362772903064333,0.5486838508240435,0.5669984618494011,0.5926121219256797,0.6226690084690344,0.6520235795341427,0.6886454964002454,0.721416360689569,0.763832044210268,0.8043165275135962,0.8359195568810814,0.8602179840989882,0.8801261026613777,0.8866755095158666,0.8939052210619387,0.8852139337143206,0.8603345847381701,0.8406865859203974,0.7980694718681579,0.7598146303542499,0.7233355420898144,0.6871431208476096,0.6591812762928172,0.6191822784495749,0.5893288019697718,0.5655198733846212,0.5523223124350296,0.5366388576110019,0.5204956181218457,0.5076092910804092,0.5035246057375258,0.507589586032453,0.5013758653799266,0.49737055168933464,0.5013256462454813,0.5005956419569662,0.49391129443489856,0.4934522801537095,0.49135983373580433,0.4919222485667512,0.48802825002422934,0.48775219013428517,0.4868081423330419,0.4949955404123457,0.486839412974675,0.49717408302683047,0.4889622645959351,0.4962381042422804,0.4898696857080306,0.4863047939876919,0.49504132622249747,0.4957984896856423,0.48958744879688915,0.49245828575606493,0.4924813059593246,0.4973863244693179,0.5016767301578148,0.5052593377376522,0.5075122457859491,0.5199473745691627,0.5349690401874949,0.5462134486591849,0.5629675789882791,0.5816181373851841,0.6064777260393632,0.6397749264237016,0.6624007155994899,0.7007338286031064,0.7331430274795042,0.768814214413586,0.8003855077258858,0.8341065343348427,0.8644114420439875,0.887489447444146,0.908853205330199,0.9213066968597391,0.9312115094240658,0.9227685326246244,0.9061172988403474,0.8985227952523726,0.8717732487642371,0.8511090652535142,0.8188365691253664,0.7803019357312263,0.7507602658828947,0.7141846916758054,0.6849620278107961,0.6583720514350687,0.6340144438188413,0.6109297074504341,0.5893533837806025,0.5806764931568382,0.5592033905418398,0.5451924340979168,0.537747411569272,0.5402564082376088,0.53092870899735,0.5280893100732177,0.523258411164414,0.5213618789303895,0.5185414793291785,0.5206820619705994,0.5174001269069158,0.517387863602005,0.5153959291711409,0.5112585794391475,0.5061594593696739,0.5037286673078076,0.5151073209883243,0.5079610818462411,0.5048962644142553,0.4960665639336703,0.495216935135188,0.48974289833165685,0.4851757248980444,0.48421094560324957,0.4867829296460892,0.4821342533726095,0.47350767996853754,0.4722936422519842,0.47233495908567696,0.4652665228515928,0.4641637643153797,0.4621394284285628,0.45918668257737255,0.4559335317613315,0.4504488215729424,,24.04
ECH038,Rubisko,N0,Irrigué,B3,9.29,13.96,0.5137499079818244,0.5013623685197791,0.5043665356049775,0.506589183019898,0.4985056928906522,0.49629516675400276,0.49301303195960644,0.5000427075375453,0.4956627543297907,0.49976369012031346,0.4992682125597856,0.5113216159383248,0.5144211780186094,0.5156389591169384,0.5173519392620339,0.5306371898022015,0.5301224700659843,0.5329320853629524,0.5357124552427823,0.5434523166410494,0.5450047475095201,0.5510406401631921,0.5582440764247083,0.5575664171356117,0.5620541660300131,0.5607656183368628,0.5647791051647089,0.5717392864972128,0.5661120867333166,0.5693183007823248,0.5643355497158945,0.5743467373401389,0.5690184493341709,0.5741922605472981,0.571202627901292,0.5738910258378186,0.5745171318551862,0.5715709413214093,0.5766217868658826,0.5715065950922918,0.5766150116037402,0.5737309630055925,0.5767874899492659,0.575544077137242,0.5788175813663057,0.5779864811371798,0.5856347852262858,0.5902530651686693,0.595747224091947,0.6069775069811868,0.6203477300598823,0.634355743381961,0.6558088938272443,0.6769359250127387,0.7142288618777719,0.7404226098484399,0.7698605985295048,0.8046471293382721,0.8258354708260014,0.8514043619353582,0.8799853491456117,0.8923258928834845,0.9029928075382988,0.9028792460575316,0.894903784223342,0.8705768149957576,0.8502227374582931,0.8189166492740497,0.7864490664319467,0.748961871052512,0.7201153496983983,0.6828886314964339,0.658625948683467,0.6245864384540322,0.6066885453094852,0.5856099006398563,0.5697003742861712,0.5606286904901773,0.5485509855664885,0.5343547464532692,0.5277629635915979,0.5367050880852702,0.5335206056696563,0.5331931388602505,0.5257576602472851,0.5206613251566948,0.5223723984839019,0.5230630399934336,0.5196739217911597,0.527551554889382,0.5294632636460554,0.5245346471102403,0.5236289504717416,0.5205376244467671,0.5300171408709415,0.5267555584291627,0.5270072589526984,0.530881966278613,0.5294923095689548,0.5338019934166259,0.5315301165899352,0.5421211523437359,0.5422257171365692,0.5505997205246093,0.5523047378286686,0.55985183745969,0.5659822291838944,0.583767243176162,0.5937902374894736,0.6135186321929602,0.637717768015108,0.665461110963837,0.6923376329168089,0.7342191719260498,0.7796970726945479,0.8230361909998399,0.873964311091978,0.9279697644150875,0.9807412025380589,1.0305813794460865,1.0829683451256433,1.1301869276749634,1.1608632660184512,1.1905981864888173,1.204774051652469,1.2175427258137272,1.2085406776237306,1.1889772544634554,1.1640243307508842,1.1232745423866308,1.0796407334458107,1.0289803412758878,0.9776782056833576,0.9314395005030093,0.8725087422685938,0.8258876379640508,0.7754351538485256,0.7382065241913303,0.6958470183489531,0.6672059367485761,0.6404514538536783,0.6251888659601532,0.6022417645340765,0.5843953776605626,0.5771525528543847,0.5729727742416353,0.5551512045912934,0.5525620636065522,0.5506128434947591,0.5471786519465064,0.5451636522068748,0.5404175762720128,0.5470056090355626,0.5371818829693691,0.5396248592383378,0.5422083916341551,0.5378615204937925,0.5339085909656981,0.531694710631641,0.5339350867340942,0.5312233708818169,0.5329614693202416,0.5269730200135749,0.5324275820952693,0.5291254921014191,0.528118080520853,0.53062118207478,0.5237140182113432,0.5215599832832125,0.5207853083746272,0.5205239285394723,0.5194839077296229,0.5159030619777254,0.5109480124300111,0.5139410819383665,0.5152951859983662,,
ECH031,Rubisko,N0,Pluvial,B1,10.04,9.4,0.49702297825067876,0.4991830053147685,0.4934879939196844,0.4873726724512779,0.49106451426500064,0.4890584300774413,0.4871698960878935,0.48801199459165695,0.48711098669355735,0.4931144515665389,0.4939939560160445,0.4981979680560042,0.5029528792836923,0.503058684016623,0.5087754079201616,0.5098948174140195,0.5232616778075926,0.5228149169073183,0.5314649052029434,0.536446358908372,0.541005471819494,0.5390258607957272,0.5454557393952117,0.5532673722800561,0.5556285251404708,0.5553405317625494,0.5549920322624241,0.552317505489075,0.558635983557768,0.5569848072484246,0.5599828724629171,0.5571355846405395,0.5591601429695573,0.5607453442135023,0.561508518668269,0.5627220226501675,0.5599399713602932,0.5580629276600115,0.5673788402324812,0.570407687847057,0.5647838788093822,0.5601032891078447,0.5626202400071847,0.5677067655203791,0.5720194989836853,0.5670234498514715,0.5741545194100293,0.5806089562647739,0.5902325792115072,0.5968843965198016,0.6066845831823442,0.6303343601710164,0.6528631843562916,0.6742202833395299,0.7043249992951546,0.7332888756655244,0.7656147384912202,0.8049866022533677,0.8353135972461462,0.8643691210785746,0.8907016323025628,0.8991680852183506,0.9083836889813774,0.9091142860481887,0.896443769493399,0.8815581233781783,0.8525689018020252,0.8186415517920278,0.7868287070345265,0.7506709768230166,0.716843786710092,0.6809802539019552,0.6499621207774383,0.6220457073259599,0.5970664327505413,0.5760444143511245,0.5633622185458506,0.5491050898519613,0.5455782430807308,0.5372157892672602,0.5295635231097848,0.5246569565893299,0.5201581832397084,0.5143231858899988,0.5157350048897535,0.5154219068924528,0.5149055247237591,0.5150298487224187,0.5160546773250246,0.5111234224722461,0.5112821358955251,0.5180247084666418,0.5165245222085754,0.5137681399866748,0.5155293436088407,0.5166295348140298,0.5182937867872938,0.5210581826086162,0.5288807029556892,0.5237040898293915,0.5272535426962278,0.5226827532555135,0.5292149345095257,0.5378783275798288,0.5397034849129875,0.5306512510027391,0.5524626449174538,0.5644422396902712,0.5629291458256094,0.5860554433653723,0.5884678578951106,0.6178952798066359,0.6365780792484034,0.6543804760799353,0.6907980746037014,0.7238275005327064,0.7547104916057211,0.7901410976302051,0.8224077358080687,0.8525774332693141,0.8926679512818325,0.9247937119645613,0.9470747611906253,0.9558826154991126,0.9685658871540939,0.9743602309921924,0.9682333357965655,0.9617905588386796,0.9446046830834687,0.9149434307376643,0.8925971655929971,0.8596616310530847,0.8217646044512685,0.787757270717144,0.747837033847944,0.7196868926302075,0.6900964536975885,0.6629239889565859,0.6391681036672787,0.6177480620448357,0.5984954572368087,0.5854913941432791,0.5757435686041144,0.562953762437229,0.5567153931805988,0.5493783369464335,0.5434848868539474,0.5434995868680202,0.5375380825557936,0.5381977959073442,0.5353611271363553,0.5328791825051026,0.531506447410307,0.5297845718921943,0.5252602552130223,0.5302729347284556,0.5287612642907501,0.5295593002325765,0.5243516211398305,0.5305541529288924,0.52263370238105,0.5200334710376792,0.5185436444538994,0.5151684574088906,0.5237932406714245,0.5221135051109309,0.5185876469329057,0.5128628582260218,0.5197317522619058,0.5119712823666581,0.5109301122668914,0.5147426022406398,0.5110847326536048,0.5143727090192304,0.5071618949121066,0.503856624325734,,
ECH016,Apache,N90,Irrigué,B1,10.89,14.66,0.452719755098222,0.4520291944111972,0.4515963039297865,0.46162508208255454,0.4596208505273776,0.4631475623578875,0.46476607307532614,0.46617064151077453,0.46751540604768566,0.476912632734065,0.47575156966738685,0.4903454217957018,0.48093207722157677,0.48338023445138717,0.4915630875650754,0.49739841971566223,0.49565896198717024,0.49969337259730323,0.4947948493503725,0.5004610500393611,0.5012434896830655,0.500537921273746,0.5081082062275117,0.5023284576347167,0.5061481624030535,0.5093146216128485,0.508995888638657,0.5129960276778733,0.5127984823282647,0.5144031960991107,0.5135940954758234,0.5141621529373296,0.5099393067332758,0.5098806403451643,0.5093693642808377,0.5069859518651625,0.5039825985667584,0.5027072453408413,0.49973672222478455,0.5019416659642832,0.4989495432728498,0.4959534599242484,0.49494828958998993,0.49274765599176645,0.49944263547560347,0.4978573348682875,0.49752284294071286,0.5068693974602406,0.5094757188413258,0.5166095357794716,0.5370904140056769,0.5496235128169876,0.5715397948134128,0.5987903167044073,0.6320490051975953,0.6619486533899908,0.6936773674201389,0.7347958929418704,0.7661606841220462,0.8041819702001055,0.8237915602658185,0.8349203131226753,0.8517279088480281,0.8559959319429131,0.8448675542520694,0.8267964642246944,0.7919392050323667,0.7657726395006892,0.7253194507889295,0.6911221260937259,0.6500433249259241,0.6174001885543465,0.5860234210444327,0.5634509250923895,0.5401566140734265,0.519833832522036,0.5001375741223576,0.49189308571706347,0.48211895816539163,0.4808132593311069,0.47737251145693865,0.4739684161370224,0.46644723267284927,0.4590684468610166,0.46100382201017165,0.46987587560352845,0.46389582921839484,0.46244806485612994,0.4692962282360926,0.4678719246127454,0.4638827011572181,0.4626791466391789,0.46292813791355625,0.4637887807466203,0.4677155982226765,0.46402996070148694,0.4648486440631248,0.4661809543374935,0.45931138866039467,0.4654495119908195,0.4629854111676559,0.4574657014316981,0.4604240106290356,0.4664447275228824,0.47499118842463656,0.4792276530679668,0.48697133813999693,0.5023622527102637,0.5059141663781812,0.5265503033985861,0.5487097255491605,0.5714791868432494,0.6047260215121346,0.6359798680494003,0.6861821343725973,0.7256305624744402,0.7831897896328707,0.8288835068099266,0.884829440465401,0.9333511288392358,0.9821164528192194,1.0239551849615385,1.0623225269915535,1.0901404443438192,1.103613897446037,1.1110360225808191,1.1033820049841294,1.094575433514636,1.059427795682028,1.0273128640361882,0.9778247535689721,0.9297186302593147,0.8724302533988295,0.8214994679895438,0.7707878303431134,0.7246839923723306,0.674046829662144,0.6355241187560868,0.5963071012307283,0.5674495796558251,0.5356180791154983,0.520904497573739,0.49445108422241946,0.47946186074011254,0.46708652092876746,0.4692043310031451,0.4581867396652186,0.44981221710504854,0.450833944371713,0.446296070879309,0.44790456783490984,0.4355736482055835,0.4379285432771896,0.4360384055456916,0.4303274266936746,0.43832288081451504,0.433261181791445,0.4352365048447426,0.43904264762316536,0.42984089101012224,0.42856064209411965,0.4290866477273758,0.4305803407269969,0.42478698983040375,0.42344309860615276,0.42733679569888,0.42411104691720203,0.41563189402510864,0.41686237651759156,0.4237967875970047,0.4192360228834172,0.41446404821876376,0.4149436851631472,0.41418344966098125,0.41502500463993813,0.4074030336826675,,19.14
ECH059,Rubisko,N180,Irrigué,B4,14.88,14.41,0.5622040339838693,0.5702919875835012,0.5760147675298227,0.5795141810312063,0.5797820588192906,0.5866078598005874,0.5895487183570749,0.5876630643613784,0.5865452211914804,0.5854129905238615,0.5910493153021099,0.5903123022799707,0.5837958427704495,0.5878962797664176,0.5822882497852828,0.5827731797949923,0.5767028361604872,0.5693661711795048,0.5711305366557977,0.5692534787510002,0.5634357914506427,0.5589597510471661,0.5621662946843972,0.5577956069908766,0.5634147063306666,0.5583649780085078,0.5645308581797404,0.5529465424121142,0.5598346613061831,0.5639412045017776,0.5572838609584898,0.5598310417777834,0.5594842038773594,0.5590414182257958,0.5622297604900591,0.5580107757724223,0.5619634502613762,0.5642498061137383,0.5624872598823745,0.5606235055311948,0.5673272669590882,0.5672569660113886,0.5631350925890461,0.5641454233773424,0.5678177744211068,0.5762359490744055,0.5811542919831713,0.5908629172078257,0.5988531735120177,0.6123641389147112,0.6379503114189096,0.6590054916296231,0.6925450218298531,0.7245609703794119,0.7701912301643282,0.8220480982652045,0.866754507953295,0.9217426068544304,0.9605087670741159,1.0088930881338491,1.0451011099293317,1.075327762345871,1.0786371493860623,1.0827584154291985,1.0690761711410197,1.0364660256762188,0.999686422947671,0.9553981500002173,0.8995828480739417,0.8495508026582603,0.8021812400870244,0.7501664957700365,0.7028581316675202,0.6639283276829249,0.6315772407307515,0.6043370309179644,0.5780591812681992,0.5669115346323619,0.5529399436791713,0.541032084940913,0.5290854137073475,0.5231496114989387,0.5213016151747619,0.5196178273202834,0.5120772477516675,0.5174016275878294,0.5187622287605467,0.5159665146095885,0.511841558812176,0.5113764902995555,0.5147819761123709,0.5137613032427403,0.5160933061016704,0.517307890528483,0.5197072103319579,0.5141534625432178,0.5195286220088984,0.5192996689505971,0.5218652605657484,0.5268245370459262,0.5296040172054006,0.5338393925680468,0.5345578306330124,0.5374953542666479,0.5428148993686084,0.5456896173059191,0.564246215264774,0.5711125001394275,0.5885178326734487,0.607600949705716,0.6245815705460496,0.6529616635830964,0.6927781513372725,0.7265269082149596,0.7663920932347439,0.8147074921720929,0.8689176317629416,0.9214200512370164,0.9679745188392542,1.0299487014130932,1.0774627708693822,1.1183375042307935,1.1521190879666,1.1866276405475764,1.202134323945945,1.2021465905152553,1.199910525641923,1.1926559305775601,1.155482248514974,1.116258842678573,1.0712123464260777,1.03005894572895,0.9746824236193231,0.9227276773951353,0.8664710653553009,0.8191572050470557,0.7662033601033374,0.7271304634147078,0.6904253130297396,0.6618125731387843,0.6317781307728277,0.6068221039373278,0.5910119314046809,0.5716002318806336,0.5585846944873828,0.5595045033188663,0.5493760498049951,0.5447781200899379,0.5443057121228445,0.5431297434408348,0.5382960000433477,0.540668800053505,0.5348813272170615,0.5329623312044091,0.5315801740648038,0.5258763840973024,0.5315113449210778,0.5202317321644125,0.5247341548967078,0.5254775761460894,0.5219410813933303,0.521839290179773,0.5275778048336156,0.5242170093611758,0.5176726028273149,0.5171265008227183,0.5134895480038706,0.518201550224154,0.5140844869434793,0.5076631411959454,0.5125759865589549,0.5122845598511454,0.5125345797220722,0.5080868535863543,0.5058355997786247,0.5115447666542652,,21.06
ECH042,Rubisko,N90,Pluvial,B2,12.24,9.32,0.48404745756286327,0.481974961117918,0.48387358673621805,0.4756229888828413,0.48462990852537935,0.48793771059584135,0.48941612676422885,0.49198529380860123,0.48952551448640563,0.4906969764053672,0.4882143651852082,0.49259258613609297,0.4903950808116307,0.4895876558410859,0.49280459729710396,0.5014920937075663,0.4970369401169721,0.4993671898585249,0.49800204160291706,0.4949815981962748,0.5039477893169159,0.4953842799932706,0.5009729115486877,0.5031846305834939,0.5047256924415705,0.5025149272807482,0.49981473674768073,0.503533611480213,0.5042726896424575,0.5047553851999353,0.5105140313413757,0.504465659762178,0.5094855518282112,0.5095076668480284,0.5123395395363737,0.5094620304827183,0.5126210628929763,0.5101097623301492,0.5123176842534654,0.5069316455199153,0.5040361061279705,0.513751958720805,0.5148504654796522,0.5163527781433755,0.5153807444900927,0.5244210902403911,0.5229311824854334,0.5317790094256762,0.540912257338862,0.5559065795891053,0.5650250267347081,0.5833536921611334,0.6045945786221278,0.6420041317705003,0.6710149792401432,0.7068707546574506,0.7527116285783767,0.7825612711105183,0.8142189188668896,0.850154817671548,0.8743101659193052,0.8944858929452107,0.9034194408560169,0.9015718455145896,0.8876125742838634,0.8755496609968696,0.8426049872197054,0.8058578045446031,0.7697292998514893,0.7281326029245236,0.6872171402773872,0.650246170438046,0.6138019881437965,0.5848269180422456,0.5590468979093414,0.5357710923096057,0.5173272617901322,0.5090014172728136,0.49253492864755993,0.4872480824708036,0.4814225137916024,0.4739889482590228,0.4701780719101149,0.4691748860340548,0.467027137957848,0.46287453836695225,0.46441202322127717,0.46658566739631563,0.4692633030100605,0.46703609313077055,0.45769138818609084,0.46772673881185384,0.46462608237766795,0.46833323461617404,0.4677732438089524,0.46824215013582227,0.4696794104352801,0.4712504968732094,0.4768618356685591,0.4744861141738724,0.479767970119724,0.4816145564946073,0.4834932795439027,0.47937513884882027,0.49204521970610177,0.49221480576466914,0.5018207311972732,0.5043310423409962,0.5130856575217915,0.5341180761285573,0.5393470537967338,0.5624462181478221,0.5791101426302101,0.6002705035328009,0.6271089774492424,0.651698805680896,0.6860541811223657,0.7147374302176649,0.7491366803383693,0.7847593856076388,0.8124908904082339,0.8338357267311349,0.8629783034513516,0.8770581003345859,0.885783666064717,0.8931236588197375,0.8868176693892157,0.8734082867460452,0.8657253123183349,0.8379433956571439,0.8111820876169147,0.7804876440178632,0.7536467602549694,0.7163076245129566,0.6815230387984186,0.6538515918069877,0.631792308109681,0.6049405333813983,0.5793101783541317,0.5649166017136832,0.5467786559917156,0.5302894060249672,0.5196770868454063,0.5124475205802469,0.5021005992975154,0.49926121572722076,0.49602961860602474,0.4868324848564617,0.4888179757741601,0.48648525704216217,0.48885506189316363,0.4788682146063727,0.48205775233566767,0.48066575722293414,0.48396460535675456,0.4799616667299004,0.4845027959014614,0.48012435980060597,0.47592277492605534,0.47687540886304947,0.4740813548743179,0.47669126273230505,0.46906749038577955,0.46952515200470957,0.4722765991185915,0.4734814141572417,0.4620745043346677,0.4716621484647596,0.46595918244439477,0.45955185750773425,0.4550057837572732,0.45821446341744193,0.4615199370014722,0.4601431939980678,0.4609883865244847,0.4561749568131823,,20.75
ECH067,Fructidor,N0,Irrigué,B2,8.91,14.43,0.43565460259314726,0.4288092971536068,0.4265690903586345,0.42435566319919904,0.42116344702883324,0.41760861526322934,0.4209334437360895,0.4252063566324167,0.4242902352609879,0.4303423035595832,0.43067685557438845,0.4334734994155223,0.4416192328951907,0.44019530242775046,0.44547829080805246,0.450184067256218,0.45975630001927004,0.45988460586038016,0.4624232325043017,0.4702821903010244,0.4698312775438374,0.47722751244090134,0.47980120935631676,0.4805273622957878,0.48496314982163446,0.48064594742796846,0.4871582680994834,0.48660083670088955,0.4976961577895453,0.49053420947521575,0.4891036677532517,0.4874791402919537,0.49616794292067523,0.4917728772458029,0.4909675112532661,0.49482807366620657,0.4962161029738684,0.4965993969280466,0.49518714244108586,0.49606060395222284,0.4967973899308116,0.4977503081972255,0.4988646020423429,0.5020577232810342,0.5006405527777337,0.5004679574437555,0.5059879750529491,0.5136135633484167,0.5127844541186284,0.5219193875132878,0.5419178156954106,0.5588006528602574,0.5689521020882431,0.595023791762293,0.6187118294037771,0.6469292685432009,0.6780756139759628,0.7030643273469216,0.7321680152010202,0.7601844228877646,0.7816188941063165,0.7935375040824063,0.8069424684306998,0.8031929720115024,0.7952669612913671,0.7822669240702723,0.7598155336257425,0.7368709073448076,0.7027720669681389,0.6713639801180458,0.6449556312301671,0.6180501575666796,0.5887557305625049,0.5661486702345794,0.5521732612904986,0.5341119317746497,0.5199780518007058,0.517982189488264,0.5062847184783839,0.5066024991120366,0.4996598856320547,0.49795610149394787,0.4947062636873898,0.4861791768223801,0.48989725741232437,0.49232703286212226,0.4933424597147472,0.4865141841185943,0.4914122175663595,0.4879292595180188,0.4917440815626751,0.49074179722371347,0.4928051864293719,0.4935682521292698,0.49156438251265344,0.49262875360043384,0.4889194165473852,0.4984591118432369,0.48649895286078876,0.4889561198269632,0.4939471584349233,0.4946639445068021,0.49567607219565457,0.4989361860350152,0.4945511493914358,0.5110329278621528,0.5131338117307559,0.5274884051521862,0.5307327011296016,0.5543320650655689,0.5727927068963552,0.6017811622773163,0.6315893003789919,0.6674276374724709,0.7038191737965545,0.7519991230181828,0.8004824700624456,0.8538416398694092,0.9075906959939233,0.956445057675592,1.0006210387762156,1.048234122215716,1.0922197988405475,1.1170600383792981,1.1208231497512045,1.13657547693216,1.1345342653649981,1.115554126641986,1.0889645799889178,1.055034822583936,1.0159777720424548,0.9643419200769977,0.9218716956622491,0.8677178526063706,0.8155432888266794,0.774600203975996,0.7230731661068661,0.6869416652535795,0.6526610418451446,0.6315740996456489,0.5987083376229162,0.5744273144819736,0.5632981939859293,0.5540234947547761,0.5455001682803835,0.5427804659926929,0.534766900703512,0.5270421511081937,0.5206889545482252,0.5257602673353403,0.517702046671163,0.5149608415063504,0.5138830453800964,0.5095517240041533,0.5099992713922754,0.5086528296465289,0.5093531133656075,0.5036496143238759,0.4985102390522746,0.4948550723037467,0.4975175522372195,0.4942145132391303,0.4893452977964781,0.4865406572566987,0.48598607866982624,0.4858319526162138,0.4761402602886195,0.4755659913335553,0.4750071031805103,0.46666608289015227,0.4658518460367705,0.4627425798117739,0.4559435640408331,0.4574746686151214,0.4542324188740223,0.4530529358292577,,
ECH044,Rubisko,N90,Pluvial,B4,12.16,9.56,0.5183523711148799,0.5273560383986953,0.525689014661467,0.5254490074088122,0.5274039381090887,0.521434441365513,0.5292222277975437,0.5287148920666459,0.5348865697395203,0.5362534311954374,0.5361115022974764,0.536657597722346,0.5320450999969023,0.5393506897122682,0.5404838428287563,0.5433229736283015,0.5469082432548764,0.5364162581271944,0.5412426039610366,0.5410687790460761,0.5446737991157377,0.5450300599052534,0.5450938057132443,0.5496574423566409,0.5440211161752613,0.5449246589940331,0.5456697372449817,0.5483273397472997,0.5463597806548587,0.5505081960785352,0.55073677348017,0.5494239337147692,0.5549260324943004,0.5526190285820748,0.5564511353115849,0.5531194152104655,0.5540546447514919,0.5528531851356078,0.5549446236852329,0.5575676566400077,0.5547538356078783,0.5582714424846256,0.5552988805623684,0.5615044971324411,0.5596952924255927,0.5672492438093013,0.5696178782536739,0.5807466504849319,0.5820872931940236,0.5937600085757506,0.6128979625964728,0.6316219876482214,0.6574837771162808,0.694227231568958,0.7275889896195367,0.7650520752284187,0.806491369270611,0.847428567768458,0.8939062963607614,0.922216140079503,0.9492618430227763,0.9756628235203721,0.9823569210181811,0.9877035714293629,0.9674472090212385,0.9486914695695116,0.9177790971995465,0.8747010971515533,0.831522837840684,0.791657241074297,0.747282343859301,0.6997671482477222,0.6627612309213204,0.6252603332596826,0.6063331851433297,0.5803594785854309,0.5618356665918693,0.5424671622420766,0.5328784925069041,0.5261411041587117,0.5191373941498753,0.5167523837204948,0.5146423421126569,0.517120454289237,0.5083602576987211,0.5103960969270114,0.5035959067067686,0.5004277033003772,0.5040442991638063,0.5002071085290146,0.5051727362158167,0.5031301025315068,0.5001538818042112,0.5119626108450255,0.506064201260782,0.5038653504688376,0.5127516838186296,0.5093333241090698,0.5164502808160529,0.5128689917649975,0.5156147432077097,0.5207952581276446,0.5245277877453906,0.5286533650530664,0.5304843925239535,0.5377933614205835,0.5452376897690566,0.552070397474856,0.5615507984560075,0.5705756964786948,0.5924301073944628,0.6095826014169482,0.6303617618026363,0.6609863064817972,0.6817200825170584,0.7227601386776915,0.7519853532636582,0.7887999272156222,0.8229619704166098,0.8546878250135526,0.892663208335933,0.9238981540210448,0.9497816733142447,0.9658593211641354,0.9714756391490318,0.9773292435097449,0.9841097688932849,0.9629851835657667,0.9517692618100747,0.919777484701331,0.8922039706212218,0.8612575584730565,0.8214498885638862,0.7925108296597769,0.7523478179976139,0.7195231751458526,0.6858231553686932,0.6601289828811412,0.637784446515915,0.6110206796936581,0.5983580912345523,0.5762518860914687,0.5681398722529577,0.5575459855009328,0.5451842428322926,0.5430443941525706,0.5377917620229364,0.5316250518824442,0.5324639438264797,0.5296141121074945,0.5271565981250019,0.5256540622377837,0.5242664051856286,0.5222320850264316,0.5226266157875173,0.5191867025701663,0.5280168621904471,0.5147481509757406,0.5161438533034182,0.5152890356351102,0.5218187156498061,0.5106085989036039,0.5146983240893885,0.5129966792402063,0.5120626023969707,0.5135606870348769,0.5122689224414798,0.5060187019528063,0.5066846365269494,0.49922272488045394,0.5038067923833515,0.49980469691004886,0.5002880027685747,0.49443554305041987,0.49933552378470863,0.49164592824853626,,17.78
ECH088,Fructidor,N180,Irrigué,B3,14.6,14.43,0.5302721969993144,0.536612570769117,0.5395861757462702,0.542217221120354,0.5452612184909177,0.5563817238627649,0.5524755886559701,0.5597922761282417,0.5599436374922176,0.5616762035919767,0.5567386706784508,0.5544924188578501,0.5559276464677704,0.5513386229609294,0.5456029253041482,0.5520122151281267,0.5406963237714574,0.537070895803757,0.5365227703039482,0.5385014633628926,0.5260837572004826,0.5343058243715267,0.5266453046808726,0.5291096474112122,0.5255451556479216,0.5330863781423248,0.5272580328434583,0.5247251305937138,0.5260612176496667,0.5274608710997548,0.5280327042130853,0.5291774644491373,0.5282513978140677,0.5245359770619603,0.5280655600398623,0.5313271804861087,0.5279212758235328,0.5323846157370886,0.5309282396527484,0.5307143554135044,0.5356126452296235,0.5277022846945183,0.5321460982016216,0.5397051592595288,0.5442106610511754,0.5495664564660184,0.5486352009334148,0.5580480881394938,0.5704560820242291,0.5870788650937953,0.6041320726071149,0.6312581792339074,0.6609203302603925,0.6980053529065116,0.7359906594035122,0.7844661983508185,0.8333693776858947,0.8814308535547896,0.9280344684721819,0.9747674620767436,1.010524843188127,1.0366610190911756,1.0509528585390095,1.049718928861966,1.035182598294576,1.0079190583499493,0.9777613775464011,0.9315242084862796,0.8822911342333103,0.8327351731347307,0.7813829486422751,0.735061454038125,0.6924505045106725,0.6561820306804587,0.6277674080592099,0.6015666255962834,0.5848942620735146,0.5685042452066817,0.5592917556300424,0.5468115370373183,0.5409095161552963,0.5337726501465768,0.5349646716017041,0.5286692952523768,0.5249808333591434,0.5331182381893981,0.5241865066738607,0.5287974379163067,0.5244779413457575,0.5301911699712619,0.5303251792335223,0.5278711440856786,0.529788494629241,0.5258577421725676,0.5323526071515133,0.5277448813363889,0.5227255096175099,0.5256557175270393,0.5251591744934844,0.5252590198161748,0.5217602434783634,0.5290841605165463,0.5256198561350706,0.5249649559557359,0.5354984935589641,0.5398633132260027,0.5472147626820401,0.5507466791717,0.5709146615474843,0.5900956174027497,0.6101605168336225,0.6394492679386912,0.6738065795426138,0.7077657577243871,0.7509839821202478,0.7975410896419493,0.8412373698404916,0.898233634901025,0.9534819315466696,1.001849959917387,1.050459214915552,1.098976008645086,1.1303314301636629,1.159944535616217,1.179275371235392,1.1894330718634416,1.1839739688618938,1.1703847113453014,1.1381186754006005,1.1025817777463414,1.064522477926639,1.0128518264483763,0.9627125174493123,0.9072662716373293,0.8629271354890493,0.8183734642319086,0.7660498410823243,0.7321192389147398,0.6937847341832835,0.6586984705787272,0.6363192048906585,0.6157635822558143,0.601436676398618,0.5909468213151808,0.5854872310380423,0.5682691500019331,0.5655678389256634,0.5601642104899438,0.5558547715188377,0.5574078587835823,0.5549932421970403,0.5476279313404908,0.5512774969791305,0.5457353139876863,0.5474246373913055,0.5491041623535765,0.5444388222737083,0.5411759366102801,0.5364929878556667,0.5355671805482385,0.5342090159499236,0.5309468858881567,0.5261932551301053,0.5240008257739336,0.5161981602612852,0.5147051370482875,0.5157713272250024,0.5129134110099142,0.5074215547501033,0.508360959331391,0.5022746660885321,0.4969326228556168,0.4909187877932307,0.49591290545825834,0.49100513952022407,0.49126993058095825,,20.47
ECH003,Apache,N0,Pluvial,B3,8.69,10.02,0.40503945454543683,0.40855662614893395,0.40477933987372916,0.40666545536114346,0.40972758791477476,0.40896014127189184,0.41003557104648947,0.41247661958770265,0.4166159827713876,0.4169103736956085,0.4268034472105803,0.4321298235639703,0.43732783231512407,0.4442801407473415,0.450166309207261,0.46209805114839786,0.4623269843138186,0.4679914192697418,0.4725801634845681,0.4771794624011625,0.48141944151050364,0.4867662766436539,0.4928908813522649,0.4971744505313145,0.498815777109797,0.49831341883987396,0.5047565624980754,0.505263094419611,0.5031426348442575,0.5018710922849344,0.5053561863340565,0.5038671191808956,0.49829798085816324,0.5015576555885767,0.5014783937370635,0.496765779267219,0.4986795002806365,0.49229562016289163,0.4991604336852395,0.49737338214396226,0.4913919815499313,0.49187741076816394,0.48241439647836143,0.48539066168630307,0.4877385439493254,0.4859517987620551,0.49295543969014655,0.4999160010485933,0.495400712135791,0.5037770734513247,0.5171561940537769,0.5346285871873468,0.5429063488171967,0.5675671823684244,0.5957502186573247,0.6114306306259636,0.6403314353684348,0.6711042467586195,0.6978902078147479,0.7261741886606473,0.7443109046303518,0.7522360857268585,0.7661368146672636,0.7623690447187608,0.7599129914816323,0.7392358321139991,0.7183407153394422,0.6965399897378989,0.6690396963561311,0.6387591982609143,0.6033800376417942,0.5827021691727564,0.553204736252664,0.5353837169258954,0.5121734845132172,0.502910097348837,0.48738969658053516,0.4769300927220585,0.47617257109920935,0.469841193755227,0.46377191965320536,0.46751442813919153,0.46013882219393865,0.4603791911137546,0.4602623676110766,0.4569976419723643,0.45981528128124055,0.4564354160360558,0.45648807885287523,0.4615299173160999,0.45405864463326207,0.4496936451768322,0.4615275807221924,0.4641182148542082,0.45504748635489195,0.45027256178369346,0.4550129199380351,0.4550112663689264,0.45532385526378166,0.45272433943433404,0.4581905343844402,0.4587245651339589,0.45380671125810335,0.46213277851486423,0.46875587730648577,0.46675247186207014,0.47024601344426403,0.47758514028838617,0.4887218877424943,0.4930522158083692,0.5129831825305098,0.5287635309476484,0.5563481541645668,0.5746606639835784,0.6079712951243784,0.630519186931117,0.6689556378872323,0.7031820241415668,0.7352392859282004,0.7733227000254572,0.8092925567549616,0.8340258589811713,0.8543591120780176,0.877699756733488,0.8862913926944532,0.8915408132524196,0.8880067906438851,0.8711400205112004,0.852341696542173,0.833442504187108,0.8003263399246511,0.7605700127824444,0.7349015463839479,0.6969598091222595,0.6581796878386881,0.6222051074489708,0.5969860514670627,0.5669150473953535,0.5477951083552262,0.520181931548889,0.501767458717176,0.4849688669452131,0.4756452904769394,0.46528023036769195,0.45946278578571215,0.44815817772658606,0.44379260295951406,0.4400932790457541,0.44113057768446495,0.44106526109527305,0.4334229029564106,0.4320435479611395,0.4329720760329292,0.43012858383228436,0.4326328959472029,0.42197312872837917,0.425218037484142,0.424323527483211,0.4186756520871488,0.42169910643235076,0.4207816523035982,0.42184268825592064,0.424684527031817,0.4194903919833195,0.41599334293030865,0.417755577076469,0.41989539172531415,0.41262262029647523,0.41160308120157363,0.4147769807569711,0.41118604644952395,0.41252582906443896,0.4092591892115374,0.41010657085665475,0.4035831772281616,0.40532507881683594,,18.03
ECH018,Apache,N90,Irrigué,B3,10.86,14.63,0.44975831946630485,0.44777805782295255,0.45235371489868476,0.45492772208118504,0.4601759465624681,0.45800037065769134,0.4671907097707783,0.46864256446843633,0.4664232071958849,0.47714074822799807,0.4833551789715303,0.48277229032860935,0.4871193834417428,0.48610382003113606,0.4837893703351766,0.4860635884976473,0.4950582054428271,0.4950684884456029,0.4964869648468987,0.501245089434817,0.5052822361793703,0.5008639501319616,0.505434240069663,0.5126308667772452,0.5059500527389135,0.5126095824405255,0.5091186282647067,0.5125323092254032,0.5142630438573678,0.513032416145077,0.5131450616142164,0.5063560554384107,0.5123444979465422,0.5054550777435354,0.5076382591092387,0.5063402017413006,0.5056118694720135,0.5036742236069515,0.4985923765663825,0.4955371081820938,0.5007347787006144,0.49736486567593546,0.4992294385168068,0.4950787998506312,0.4911216701989469,0.4993609088740118,0.4978693408245781,0.5043915091910656,0.5082204178239926,0.5248907171288134,0.5306953874260059,0.5497432988291389,0.5728890792084403,0.5955275249596621,0.6301406104594716,0.6676863286478978,0.6972276621790913,0.7362430995820527,0.7617111300945206,0.8011491281875652,0.8259337139546201,0.8424803994703123,0.8573277417353455,0.852603118527149,0.8428941641285361,0.8232102516625407,0.791939678322566,0.7619110443985513,0.7321716472208472,0.6854349904577469,0.6523974134159698,0.6185142357999599,0.5932512066900923,0.5626699448785437,0.5353889563630116,0.5219758921354244,0.5008309484367668,0.49456900997938485,0.4788823969837661,0.47994418590961346,0.47108166741761637,0.46613522890036785,0.46645482379673314,0.4664930017248157,0.46318077195344154,0.46562334441186704,0.4616936781694295,0.4648984724329674,0.46402696854960207,0.462221200459623,0.46080853178730563,0.46233333137662297,0.4632907917996435,0.4676047606152647,0.46404262171779015,0.4639968063243014,0.47024059060240747,0.46252504721380105,0.4625799112112752,0.46360708209330154,0.459161305723695,0.46201672596158977,0.4636488124445514,0.4698374923486818,0.47132406562060897,0.4778255242627245,0.48830903320281766,0.49786658703067127,0.5081864950728007,0.5238065912515688,0.5506788731401158,0.5758444542930505,0.6000852991583919,0.6406033649169838,0.6837818822060586,0.7319776493846851,0.782475686874741,0.8332006163357166,0.8875993276917913,0.9385182391496768,0.9856758847125031,1.0310141556087042,1.0686143962167263,1.0960510606080764,1.10751031998804,1.1174937246475858,1.1125692653912322,1.0937769235285726,1.0655126469152036,1.0301835409355837,0.9806030084640845,0.9287986170285313,0.8793628888274764,0.8284031692604016,0.7777581186204405,0.7241146534518031,0.6701724458047822,0.6312890952448983,0.5952544415779624,0.5627577462111393,0.5366985423401861,0.5099611484158797,0.4948322334339833,0.4815549547706444,0.47157196156195397,0.4580530308738512,0.45286048698675285,0.4408010090605314,0.4432670800387028,0.4406631042831817,0.43691819112478614,0.43865816396611496,0.4364784497775807,0.42855011028461976,0.4347785314903641,0.43022314537380896,0.433378808676423,0.4270047373254261,0.4298693009699099,0.42785018854204765,0.428515333259973,0.42686926442986245,0.4245999123677364,0.4196070947115839,0.4186148036514183,0.4201053593015482,0.4206231209660468,0.4175949039141032,0.42004819942238514,0.41606958577139797,0.41272924841854736,0.4134900086869331,0.41368551136028714,0.4126505214792406,0.41596394442735163,0.4069607493320278,,22.64
ECH052,Rubisko,N180,Pluvial,B2,15.26,9.4,0.5206482184468879,0.5241223803439222,0.5331494116231421,0.5292510767838,0.5446531502574026,0.5364789937813673,0.5377680422752699,0.545622250501342,0.5434750998922832,0.5469772234004714,0.5462666976159849,0.5445586609197423,0.5406581590982539,0.5420451192375325,0.5370325712588919,0.5383629215226062,0.5315528375626926,0.5263435493582709,0.5215223370517084,0.5236974085752188,0.5183629462401804,0.5164285094757516,0.52071976162123,0.5127969283453755,0.5216622358513594,0.5174653604113763,0.5166380900815566,0.5136294162011379,0.5191318535212254,0.5170402941634504,0.515275564852878,0.518267388790284,0.512982713453019,0.5135022132264397,0.5154284164298626,0.520216630682147,0.5195360053837819,0.5230769671284079,0.5175794165198565,0.522532404124145,0.5210537613073892,0.51936403994488,0.5244992044030038,0.5248545462116899,0.5257242717860404,0.5315376514945842,0.5365676067171248,0.5444007252197417,0.5546034268100598,0.5667482395688497,0.5903078262083236,0.6123410876866843,0.6420163855483667,0.6804024489979116,0.7246657630618822,0.7686495681537875,0.814806381518259,0.863491068106174,0.9137971772933599,0.9464172121395712,0.9899504425756667,1.00566800540113,1.0187345966067731,1.0201175212049016,1.0138407532388156,0.9859973795947204,0.9465098483509237,0.901132959715026,0.8452023835858485,0.799890948758904,0.746936330603121,0.6980175025568629,0.6571571634351087,0.6168592308571542,0.5882537437074963,0.5529609141968916,0.5374627340820054,0.5177826915200253,0.5063449699436025,0.49885898189359384,0.48748301262096416,0.48613297739851896,0.4812330634765701,0.4771625456610441,0.4757703145478436,0.4753204360295784,0.47251105393264975,0.47420496728363243,0.47299904354417205,0.47189334292724233,0.4786098732522233,0.4754020468886757,0.4735144536231646,0.47578664516689273,0.4731272173424472,0.4759225819018079,0.4774629010886594,0.47604262899924055,0.4824885546881569,0.4815640715925202,0.48402546143618635,0.4857227109929489,0.4990687760929993,0.4915276026716046,0.4913717193932433,0.49780037634365926,0.5111272403846601,0.5206415425866234,0.5242400111506758,0.5419943810296365,0.5548081132349183,0.5692823008268783,0.5893804051132533,0.6141329845036209,0.6426739529517157,0.670408243853853,0.6985581419017048,0.7328762889625341,0.7726139138942917,0.7999991782329325,0.8324584045986053,0.85879215940543,0.8807749656699844,0.8974187852499239,0.9104150014573335,0.9134530786963012,0.9084217365843896,0.8948337458393008,0.8808647131249809,0.8566786887621138,0.828617468118923,0.8069956564297658,0.7618324437003011,0.7361689637876094,0.6980643544648805,0.6699012646225271,0.648327381338078,0.6116350347031569,0.589337207894759,0.5716233658094708,0.5524054366661422,0.5437686984540696,0.5282873168464034,0.5228904153502075,0.5098841656123138,0.5029534727674057,0.5034293356499234,0.49611327714801134,0.5027999617203386,0.4916131962462543,0.4914258097840832,0.4943779822229684,0.4901511168620763,0.4862396475414747,0.4958659931039148,0.4857282233209221,0.4871462704462964,0.4861106040351475,0.4878647318257481,0.4861035632351136,0.48120266504124753,0.4816542011167033,0.4808806650654998,0.4827188336697637,0.47585826734626163,0.48428979275003614,0.47481141832369056,0.4758979243651248,0.4712615831066197,0.46964715153536474,0.469701678573233,0.4681805782701965,0.46860102830314715,0.46564366680658265,0.46938975995654914,0.4636631592159887,,18.87
ECH006,Apache,N0,Irrigué,B1,8.17,14.41,0.3969267907210721,0.3915190597092226,0.3924718934122673,0.395190267038063,0.39830601259837123,0.40329428307436355,0.3944160224827652,0.4026588492906875,0.40216228905187396,0.40494150273723584,0.4114810720055013,0.4158752607184456,0.42210384196096706,0.4270412534467242,0.4307961963332363,0.43713361012350943,0.4503767977408287,0.4539661585018731,0.4589874292642542,0.46628380934785635,0.47356194580500305,0.47603513216952903,0.47722792791391005,0.48597020043181793,0.4895412435562,0.48825190490579856,0.49114773694192315,0.492950040132299,0.4931961755001672,0.4918582342961337,0.49169099541726835,0.49104366868501254,0.48552604590453685,0.4900316902295856,0.4827832147207733,0.48322822202664606,0.48815495561016536,0.48530033951481516,0.4857166524588677,0.47889682517326354,0.4747499193128225,0.47609005608406374,0.4759299440139582,0.4750137210121314,0.47784859397825213,0.4737841364822606,0.4773864144994612,0.47622216874959433,0.48519729025178765,0.4907490659190563,0.49804487470420394,0.5121664353296822,0.5281611408267729,0.5470367698507512,0.5753527113517856,0.5944365575544142,0.6202996113436552,0.6414329049888265,0.6706750541228433,0.6955563622467726,0.71307365939553,0.7324942099681029,0.7344885086803289,0.7383554967359757,0.7270501317217885,0.7127541936364649,0.6925631689638398,0.6687943930127633,0.6472087664908622,0.607254159370128,0.5807093103385521,0.5591312266961118,0.5372873274648353,0.5187853368008492,0.500826967120269,0.484133952206693,0.47717412132119535,0.46862709445463796,0.45967487380962746,0.45733432458022866,0.4519274677631975,0.4470835484381744,0.44923391468420226,0.44634004422840257,0.4452125801462889,0.4490443194875347,0.436826629642643,0.4395642586923139,0.4399450494719092,0.4421361089563366,0.44220105842430046,0.4381960226105862,0.4395290587709167,0.4396852767443715,0.4494478526609038,0.4473266582162635,0.44059176226666175,0.44073469080313665,0.43851832087693726,0.43659534221633944,0.442636794906156,0.4411139284239834,0.4456108919076587,0.44370260205524437,0.45004109342893517,0.4581582153602411,0.4662025540350257,0.4762608220845588,0.4840157750518691,0.507142350904612,0.5229544014613329,0.552672568640547,0.5811308863583203,0.6125142336326158,0.6561183006732624,0.7030543904161359,0.7523188273683051,0.8009990604697614,0.8578224389237447,0.9070740389594161,0.9510931696430504,0.9968199201696348,1.0359674160958772,1.062770610379574,1.0696758254975647,1.0759199362829688,1.0770610006528334,1.0522058888808794,1.0239326219533205,0.9900840423582776,0.9493307274969288,0.899178835827159,0.8459300847437746,0.7932655774257099,0.7414108293272692,0.691578466057294,0.6553492405619014,0.6081390287715011,0.5735777000776361,0.5381977857955818,0.5128085299710498,0.4895523750139293,0.4662224311521139,0.45614165770212195,0.44398696510355184,0.4343054599199084,0.4310903344611522,0.4338131660729887,0.42603115951143705,0.4272199609408128,0.42238036387549066,0.42172370311562396,0.4151927093440738,0.41817659989124917,0.4176188146814198,0.4125999036235155,0.41494163147784324,0.4139088550484419,0.4095090067085311,0.4067280772845561,0.40546878156694754,0.408188481025129,0.40779915589810806,0.40331029302911603,0.40461770216075515,0.40508003621807664,0.40403414930035664,0.40562743630183673,0.4035764988459995,0.39549751577114023,0.4022906303268165,0.3943686812150254,0.3978018651827669,0.39356140619480684,0.39079645261899065,0.3852712337187356,,23.18
ECH065,Fructidor,N0,Pluvial,B5,9.18,9.79,0.454648129505136,0.45342053805479704,0.451951068317674,0.44674959629661476,0.4461797500006238,0.4449048103095033,0.44164376504519626,0.44596196807348604,0.44079560463266304,0.45293470209438735,0.4527794816882305,0.45574595046455446,0.4526302888830333,0.4599136751727216,0.4711931218503,0.484337895604429,0.4803047431938349,0.4845158329407921,0.48740687142705313,0.48738134587139575,0.49661660846108663,0.4936267636875898,0.49618938907278004,0.49850026907335565,0.5073872153705903,0.5061051107405179,0.5081177395332115,0.5090698804558152,0.5068431993958727,0.5091518709320104,0.5101171182895081,0.5084735128199895,0.5118053140361117,0.5106371996261938,0.5161254883084584,0.5168464655424129,0.5114245925495965,0.5148411521625293,0.5217254480176675,0.5136672315287611,0.5184065777206753,0.5180846357188447,0.5219011273292593,0.5207048084113461,0.5202416892259554,0.5242155430631273,0.5278115999282065,0.5322964852996384,0.5355084367869022,0.5524519460940516,0.5640066779243441,0.5729856160093652,0.5940110376006408,0.6165549501925823,0.6393416683897246,0.6654463987300361,0.6989427271249996,0.7301354041057374,0.7558749811060287,0.7867298912988426,0.8109842744876171,0.825117403174924,0.8299921318429493,0.8247249071531174,0.8243606688567854,0.8073078816897595,0.7865987299164147,0.7648919337621395,0.7273791227653384,0.6907500393760283,0.6660857154063151,0.642257456889856,0.6150985831875244,0.5888652781219111,0.5692823987732768,0.5570054568999292,0.5421000756264519,0.5380134155705374,0.5282104175658088,0.522464960164076,0.51844422095884,0.5189739431803252,0.5165615947610522,0.5158321647479616,0.5149238644405182,0.5135612803193699,0.510222659853239,0.5107671818779852,0.5114660178718803,0.5185705549802613,0.5080739258349833,0.5106231975786995,0.5119469631543206,0.5105281871103428,0.5144652293846609,0.5101513724166662,0.5102501007234831,0.5133404979517268,0.5163712473487956,0.515352138441335,0.5111263780735812,0.5121041916466196,0.5135441066000346,0.5155938581970883,0.5151633728597464,0.5241237732077922,0.5268971959224381,0.5328012692577675,0.5378464411896822,0.5530180681294364,0.5611360052875961,0.5821831059889915,0.602701833831337,0.6291518127952526,0.6611725442459404,0.6875221827107109,0.7229038309829777,0.7549247419759194,0.7914410273949061,0.828137455719404,0.8529455319089846,0.8820101075952913,0.9110220244358295,0.927800786541452,0.940534391241791,0.9438695441109206,0.9400477048009035,0.936596444412269,0.9115893033818283,0.8942718962616266,0.8664445682379976,0.8294545111683066,0.7990611818962756,0.7663096374399485,0.7373306420685046,0.7034906515818229,0.6756933454074238,0.6458779210514733,0.6347682469316301,0.6088614134554603,0.5942179764088581,0.5781493567740448,0.5675099675841642,0.5671677024748386,0.549510244090827,0.5514123163476365,0.5433910254025619,0.5430842562675045,0.5402231822450955,0.5373709390055179,0.5388141433653417,0.5294449760072283,0.5346152098381967,0.5336119548249142,0.5279941921270885,0.5346457355692813,0.5261915387858893,0.5249657106264602,0.5214458784329241,0.5203750683410516,0.5218094893232683,0.5224549297949495,0.5143279914190282,0.5123340815026864,0.5111417801395054,0.5036240228446863,0.5044539653987931,0.4989844183356587,0.4939173761414611,0.4914433367621379,0.481876539261078,0.4852183668053567,0.4767741438187937,0.47366278477224166,0.47632622732565566,0.469694480613425,,22.5
ECH080,Fructidor,N90,Irrigué,B5,11.52,14.39,0.47056659172926324,0.4737097428321792,0.47048166984733375,0.47608363388289765,0.4767694053877986,0.471816568824886,0.48372594465106683,0.483865751689472,0.47820070208558185,0.4783326139461147,0.48345947014275154,0.47955058527056393,0.4889508609930009,0.48445902848590594,0.49171231531246956,0.48533192760208876,0.48840214911281526,0.49344904711265913,0.48956106911700314,0.492204880295884,0.4954985803551478,0.4913584123742061,0.49002103811674413,0.4901834014576094,0.4970365430332524,0.497152611755503,0.4998445363364632,0.4964838739439681,0.49363344211605426,0.49146027484417826,0.5076886587588028,0.501205408344605,0.5005490258687441,0.5014636931293588,0.4967997940721567,0.49915544964330677,0.5072024723415589,0.5043765504498512,0.5005542386336453,0.4996523466741815,0.5023656566982242,0.5037133924884012,0.5118338663616933,0.5065922154311991,0.5057324391444875,0.5122514531168513,0.517725224519669,0.5194596341299131,0.5333018258857691,0.5475459259511721,0.5597840251026559,0.5765603684722715,0.6014134847565312,0.6265852526271724,0.6639047182202169,0.7013854869439995,0.7360549359706764,0.7832980174846405,0.8169859631946309,0.842532494481321,0.8698784720115473,0.891592795792807,0.9092545448011333,0.9070791783950121,0.8990309375883154,0.8745863082110555,0.8463915572416396,0.8097291701474276,0.7771498103577505,0.7365446128137932,0.6979122960348674,0.6671081101322147,0.6289259361201084,0.6045438416508588,0.5715590126993987,0.5646393176112663,0.5398571695062421,0.5311421303408222,0.5227104418304246,0.5121542461711951,0.5115218390244226,0.5084955243252817,0.501564376567765,0.5001169889937261,0.5013408615148598,0.5001462520262312,0.5041516878807581,0.5016777081471894,0.49902675142777625,0.5007670240232245,0.4925459143091925,0.49659545920035525,0.4990767909429764,0.5013505901656033,0.49842195149590446,0.5020563433049611,0.5002074079877066,0.4961573221170695,0.49736770692653276,0.4993974991459101,0.49753137621252425,0.5046364806288105,0.4985289727361025,0.5055066648374034,0.5106664408751094,0.5129974606908676,0.5198218939200365,0.5312422611357075,0.5470244856268691,0.5598634635829401,0.579134044915508,0.6114438944127769,0.6398467706521932,0.6774613799432867,0.7174935197525385,0.7670528662847833,0.8128448835184635,0.8588012276235987,0.9147948601140108,0.9632236682537013,1.0121232046889415,1.052830049477717,1.092785726009273,1.1230923733608476,1.1389339726544963,1.1424937795684937,1.1365655159008248,1.1317938269183934,1.100610673386004,1.0625633527461342,1.02479699555921,0.9833224014452824,0.9290036898434366,0.8682279889800959,0.8348777331582227,0.7741276278491797,0.7354242195272365,0.6934381949139954,0.6602977003402349,0.6340610720611267,0.6025527846080553,0.5885727677834852,0.5763963756938978,0.5580062401813887,0.5468319375242753,0.5433693342965654,0.537353418751386,0.5325037999190507,0.5276000839710487,0.530239567196302,0.5283796673092241,0.5215167148083676,0.5201225729296212,0.521479130511602,0.5162506004499393,0.5176284817752427,0.5192937985726324,0.5123501380199987,0.5063737946269632,0.5085301900368691,0.5040280876146809,0.5012024467220971,0.5000740226701827,0.4976390655807515,0.49253284226539046,0.4890665719306848,0.49224209159245264,0.48645418177231603,0.4821687104756349,0.476906527416218,0.4703829326364665,0.4737233768129336,0.46777856187267386,0.46268986400211215,0.46084495524497665,0.45591056816233355,,
ECH033,Rubisko,N0,Pluvial,B3,9.37,9.64,0.4786404466160954,0.47554804713444665,0.4728796567560458,0.46609901918506674,0.4651842833188055,0.4639037628411453,0.46589236044634913,0.4684690477592882,0.46602348589002485,0.4728010353787618,0.47232576640274493,0.47240036840923516,0.4796523428214887,0.4867903306863668,0.4924599505973524,0.49494511966424104,0.49635792211568985,0.5003731735815419,0.507233160188118,0.514669263978458,0.5147015002016674,0.5181034689964293,0.5198199302909694,0.5212117616642236,0.5238733920642884,0.5266041184844719,0.5329066679819624,0.5283472237875406,0.530338196441463,0.5285345673442997,0.5340985447030238,0.5367602095459543,0.5381596938024844,0.5344534163995389,0.5360677999382706,0.5343408416233449,0.5368081348198004,0.5365664159264989,0.5361940291135127,0.536846252164923,0.5382600846595819,0.5366102596656774,0.5375602905419397,0.5445420829458898,0.5492040321319323,0.5398782590715802,0.5432156487477935,0.5490974280972282,0.5585550275249145,0.5708536560857729,0.582123125321615,0.596337148346495,0.6164301337829902,0.6353740216329501,0.6626380616522577,0.6919087802236944,0.7174736116735038,0.7492794614122121,0.7785598946779193,0.8102028638937313,0.8296875945636409,0.8453307985083944,0.84487874516375,0.8445883368500487,0.8414131275233797,0.8138317050570201,0.8021009571615954,0.7642863719622268,0.7404608163848097,0.7020905591125621,0.675043106000688,0.6503628993876658,0.6054927067229842,0.5893498058958587,0.5604518976556818,0.5494097203186409,0.5331544110228675,0.5228091453451302,0.5108681319243317,0.5091970884406941,0.49739698990662223,0.5016134049379682,0.4937628185491152,0.4886055906292336,0.49596984924920884,0.4897807953453015,0.4948471268892657,0.4922187280187106,0.48584433007935646,0.48789841424075997,0.4886456951139093,0.493193286243017,0.49045138339733546,0.4903761326267303,0.4901326934464972,0.4916373603594246,0.49693007327044403,0.4944306561981918,0.4948290017414259,0.49613545937830283,0.49825179968330474,0.49813387691189437,0.5029645823580687,0.5131785971487132,0.5123104834792864,0.5203041616761851,0.5173106850766698,0.5346275050291789,0.5425892457384908,0.5541228454818494,0.5713004739060535,0.5874610592152374,0.6039816445623131,0.6378167269479457,0.6636674846025782,0.6927612846328357,0.7238902922087651,0.7569848396099494,0.7971602342865781,0.8356910364790392,0.86374523878356,0.8878105488389202,0.9166690189735736,0.93391423859648,0.9478819666649101,0.9508820550981829,0.9362369129622237,0.9355272035056059,0.9127292390034913,0.8873923918589869,0.8622532177723115,0.8317891451971093,0.7913394517102426,0.7633996072763305,0.7291445096317193,0.694143779679977,0.6609323612806102,0.6330705514838916,0.6148170875561444,0.5862927925807218,0.5763830782105497,0.558116100858151,0.546495526636118,0.5322186997316304,0.5294743872031256,0.525972380697263,0.5156486002332147,0.517693713808652,0.5137692021102851,0.5094362567814334,0.5121972095221148,0.5015691252420373,0.5079437143531489,0.5106080124455776,0.5089865228813027,0.5047913889831448,0.5016884968676532,0.49965956111216964,0.49962425930262555,0.5011174537750126,0.4960008209414329,0.49961295299414155,0.5026389245328345,0.49493279575936944,0.4899444751834101,0.48878304573439785,0.4939673388579391,0.4902599353067644,0.4918528586298677,0.48638685388573377,0.4892277923185659,0.48499257131839724,0.48198552221351904,0.48168028517853717,0.4779777309712581,0.4862086623647676,,19.62
ECH053,Rubisko,N180,Pluvial,B3,14.74,9.17,0.5343458801470637,0.5371737077423329,0.5412251021820758,0.54189537260342,0.5469547567594831,0.5501093612437087,0.5606793765834629,0.560330317069167,0.5572534441892992,0.5583642260048968,0.556964531213395,0.5554158252956322,0.5574570507959998,0.5527296940255423,0.557021568105702,0.551541637786572,0.5487057023633319,0.5438814437806343,0.5378977706670287,0.5385430290552422,0.5336217668832339,0.5378352788267986,0.5327912020044198,0.5313391508993087,0.5302158323941296,0.5346077499215922,0.5248650548785508,0.5346445928249629,0.5286782522712072,0.525232465951597,0.5274844434712677,0.5251289285449073,0.532412202242551,0.5277203928982332,0.5317288920560199,0.5350111351135693,0.529976121463606,0.5315771970174273,0.528884548134639,0.5321004105402092,0.5415733585852939,0.5369771712793483,0.5349866750810153,0.5356322090993741,0.5398605117128652,0.544119313297501,0.547927695605186,0.5585523747799167,0.5649019487191115,0.5794662329923691,0.6025539670351994,0.6221985201949717,0.6577220057500924,0.6909476078493683,0.7261668199116446,0.7768575946460655,0.8189844534184495,0.8741179724417364,0.9171998613743203,0.9645166881991998,0.9955490633437993,1.0124657414263598,1.021046734064551,1.0234984502768403,1.0079503115764028,0.991095796705919,0.9495430665900815,0.9086986609206127,0.8564972745422575,0.8062041880644369,0.7565576025434017,0.7125625876737357,0.667036570012503,0.6250567979449917,0.6009242675392893,0.568664487878023,0.5469242792447844,0.5231900520651517,0.5208800702269684,0.5097472040997888,0.5026932940005022,0.4960235788858771,0.4917514521648818,0.48964647370979675,0.4901798425775826,0.4893042633454361,0.48571829156156193,0.48862245901819895,0.4851859129817441,0.4838038356346673,0.48602805378694597,0.4816769476629863,0.4869689947058785,0.48234325029464115,0.48476050807404186,0.48283061846814285,0.48957151321050146,0.4963072992110414,0.492693519414466,0.49675339781381267,0.5039138889959147,0.5004284828020903,0.4997036252179252,0.5034575052491553,0.5094166921798182,0.5125441125256933,0.5190148117564962,0.5314140521177435,0.5411632353356262,0.5449739756418304,0.5618259440314991,0.5800761180587715,0.6034756065268191,0.6284137912092018,0.6593982125302176,0.67890738114645,0.7102508109525189,0.7458842720922427,0.7751483153435162,0.8091549199536863,0.8387552614824973,0.8592936794556431,0.890173348554842,0.9062903899572989,0.9212162173016065,0.9209706243958654,0.9135437730988836,0.9058821983131001,0.8832789275441328,0.8632276196166836,0.8415929369767198,0.8085442227902448,0.7797378397103006,0.7381104274649354,0.71083560668531,0.6791746301978858,0.6547507364118985,0.6279520479129829,0.6049773731524644,0.5879516640868097,0.5655841458051665,0.5569342365225747,0.5386250859129079,0.5295922129854399,0.5280636493289668,0.5158103593245086,0.5177938482349935,0.5130841012998362,0.5134191015299852,0.5079758190107933,0.5066487947547221,0.5065947363948752,0.5018384709948679,0.5005775431999321,0.5030549087345435,0.5005141754639345,0.4983647694252763,0.498323698125046,0.5023330611423221,0.49518428575176077,0.4940446754371618,0.4892674400388526,0.49317249405213975,0.49416037474519825,0.4935688728749418,0.4902360729207859,0.4916109882981672,0.4897505988278611,0.48969101888253513,0.4880827109681183,0.4886003171408963,0.4821254293140396,0.477381637715659,0.4820671036712608,0.4811162548828917,0.48216944366846753,,20.69
ECH027,Apache,N180,Irrigué,B2,14.23,14.75,0.46220292879527636,0.4674598702102035,0.47511303058117105,0.4813552136803728,0.4879080265871197,0.4856670741259636,0.5030543350837079,0.5008598606385085,0.5060929427643175,0.5024108076616233,0.5065001952500158,0.50650794839377,0.5128919237149946,0.5061550465391027,0.5092260495229772,0.5037878089235828,0.5030450896178409,0.5023174510701964,0.5056309802013027,0.4949696763786463,0.4957199230040424,0.4930293618215801,0.4949778613941153,0.495311619135389,0.4925077369252841,0.4948085994820949,0.4906373983313473,0.49326700824474135,0.4994942759789686,0.49657912220707356,0.49528791294302604,0.49094256965660793,0.48843031523698394,0.4885720914430347,0.49068178797772266,0.4921224502679547,0.49083651662673927,0.4885659572422781,0.4829781726881795,0.4838072770973342,0.4814148622109034,0.4806319262325518,0.486569331106991,0.47497628737841857,0.4802393828145602,0.4865265000980967,0.48220416764655405,0.49074668594057497,0.500225824827741,0.5140824601205891,0.527440239418338,0.5566519973278635,0.5850700192957131,0.6184264523158628,0.6533392948349968,0.6995199639599258,0.7425899802956375,0.7909482503678485,0.8431846427675926,0.8771819103735347,0.9062108136474581,0.933548378741842,0.9407920713007355,0.940761873442315,0.9284137875183518,0.9059749894467674,0.8762225285923341,0.8339274655539263,0.7878951054111786,0.7352368670440508,0.6896933867385066,0.6475750786226881,0.6045118560383635,0.570349416985709,0.5428496976697995,0.5163142516221129,0.4989629068895696,0.4884521692883201,0.47228421570144696,0.46845999312984665,0.46103236207120935,0.4511011385365683,0.4495762232338291,0.4486154688487652,0.4473586100563779,0.4488320533478507,0.4503621046119978,0.4518434100709664,0.44864883724690346,0.44608491630700225,0.44090376999470554,0.44711123304589995,0.44674256566218706,0.44699844217719925,0.4525784391007167,0.44983056000742455,0.44837374115248435,0.44313634142957004,0.4446316850446844,0.4462505422556703,0.44489157169061294,0.4498606038432207,0.4512182267537289,0.4495630482072368,0.460301584446104,0.4624846978593809,0.4644916621036597,0.4795741693874043,0.4937285704725429,0.5126433558780434,0.5297869679575712,0.5590651064979096,0.5879643335888581,0.6194427424175877,0.6601398272920275,0.7132811994577001,0.7627110070589823,0.8117559226806255,0.8678137333149711,0.918041609701085,0.9654129613131843,1.0039417778409307,1.0479741077000266,1.071495145813929,1.0854390167223384,1.0900150612761366,1.0866203381128547,1.0633787206465524,1.04263420181447,1.0008163258391087,0.9607162227304877,0.9087840565524443,0.8572379282268265,0.8024399142538122,0.7517719856002216,0.7079126182077108,0.660057884834872,0.6151421612620086,0.5771772845116429,0.5481086192810789,0.5223125840099516,0.4944705489215483,0.4789817667494753,0.4596671304385418,0.4575094959758593,0.4518708123869944,0.4394655425968079,0.42796225485154904,0.4324571016155139,0.4250815111495606,0.42359159569258376,0.42568526644244165,0.42308847347601847,0.41957293386540606,0.4179216696207364,0.4191519742108164,0.41648707531884666,0.41334360747812987,0.41463009077429736,0.4155947599550412,0.4129762543358178,0.40818790058367094,0.41429508015725935,0.4019917089024561,0.407729837827413,0.40604972398778716,0.4071771006032454,0.40722104009243,0.40770155503370903,0.40095149323202767,0.4035987123096375,0.4011600917478801,0.3941557371207014,0.4036944023581434,0.3923642750802897,0.39661301123785164,,20.13
ECH028,Apache,N180,Irrigué,B3,14.19,14.7,0.47449112540623284,0.4852360162104037,0.4847776561771373,0.4957237875484146,0.5002823407188691,0.5054282180655909,0.5135320841317892,0.5194628445129346,0.5183241067544943,0.5239432811562346,0.5231517961453518,0.5209509451272054,0.522812117585183,0.5221033905778409,0.5199278410025308,0.5220610540632535,0.5201109448951962,0.5132534280755096,0.511765161325143,0.516825868869157,0.5121100028387628,0.5146470109340113,0.5154374380918983,0.5087758307359288,0.5079492324231105,0.5168587340463846,0.5125526416952546,0.5098708761798842,0.5078884151984094,0.5086215047294596,0.5059226363986308,0.5113511557994109,0.5054361506603074,0.5099724897513549,0.5042831991150806,0.5010300535208492,0.5014588574528837,0.4933744292373377,0.4993649875184459,0.4977237493116939,0.49931970490926403,0.49001373706087054,0.4983590932002823,0.49713051828337623,0.4991157168821758,0.49718624928140387,0.5041715862471471,0.5029179912374402,0.5187973469174506,0.5275572899560687,0.5427629520947983,0.5674641920187635,0.5996591586654826,0.6317215215473493,0.6752054586139472,0.7128877823631851,0.7589427543882797,0.8170963246039673,0.8614260517539404,0.8965960860077123,0.9333162061018132,0.9601138639687773,0.9704051937259408,0.9690918321912496,0.9588348549719838,0.928607667524521,0.8962696483950556,0.8540189858715258,0.8064043604895046,0.7572357951077915,0.7103949372416033,0.6647657202200595,0.620289308975546,0.5898724015947605,0.5542426930218538,0.531833553645195,0.512117083089617,0.4991526830353575,0.4806131282179075,0.48159582378327254,0.47120436325116843,0.4729605830950159,0.46518909669948194,0.4646721088888933,0.4693405667957065,0.4619287057316816,0.46587927062988904,0.4618294677987457,0.46259667321623615,0.4612507426294699,0.46330643069519195,0.45844915951349297,0.4573136658566504,0.45812914337623095,0.46014926404419826,0.45903274327968924,0.4617330952177634,0.46351972861927143,0.4568283672206524,0.4579252027896941,0.456514440285677,0.4680786433816747,0.4647262471787425,0.4679871266576822,0.46649032009647895,0.47608711553942834,0.4852749054431021,0.49324671920648544,0.5106621006215527,0.5315604682868079,0.5432963733739994,0.5693894225592108,0.6012852393003131,0.6454708646789304,0.6856299225767447,0.7285720041521144,0.779322012391459,0.829502167559352,0.8882548315301215,0.9370630034951917,0.9869218931527265,1.0337433692127298,1.0682081318471264,1.0957371586935178,1.1135309698758777,1.1214203599701966,1.1176740320595682,1.096667851050288,1.0688828628863154,1.0282458795459193,0.9817297204116104,0.9355318748334527,0.8806743359286003,0.8214596680236488,0.7711938290745994,0.7208744567302103,0.6722826873714526,0.635562028217487,0.5949615902124026,0.565302444804057,0.5347624440904332,0.5117939051517079,0.4906220458561232,0.47909084521339834,0.4678699625091125,0.4550861672999418,0.4509815219276634,0.44663776096418484,0.44506123587087626,0.44230629092319484,0.43691717758501675,0.43825166740057425,0.4347842029146212,0.42540408172169164,0.43136455259774165,0.43493349037956236,0.42556669277992126,0.42988084195658005,0.4332297608458093,0.42511483941595124,0.4263118486105252,0.4212849322178512,0.42895139596889936,0.42267275145282923,0.42189573392403035,0.4246319817503291,0.42134713504977317,0.41551022304684154,0.4149509554741104,0.41711507273437226,0.4124777975792089,0.40670132341597465,0.4115798831934227,0.4059698558349837,0.4139152647891137,0.40823847039586836,,
ECH046,Rubisko,N90,Irrigué,B1,12.15,14.0,0.539497695197866,0.5374165717605979,0.5436724444598814,0.5397045483753296,0.5433127496913915,0.5401472938579753,0.5421108175886249,0.5465280110028666,0.548619818480678,0.543528075745411,0.5512242656157144,0.5483482450429632,0.5556962247569827,0.551827946461186,0.5505152750235659,0.555091076384786,0.5530673162479768,0.5605496947925661,0.5576454323447726,0.5580636252712436,0.561142410771921,0.5571737851993324,0.5571157999064583,0.5629757248941404,0.5591916189647655,0.5599028991782603,0.5663976269340831,0.5661189086733137,0.5614103159315578,0.5639140291367167,0.5636312657783382,0.5722137600557263,0.5701166098350929,0.5666217689194218,0.5700718653381974,0.5647097517774127,0.5671769516296952,0.569917798050651,0.5713779688779876,0.5701872869445869,0.5717723500277929,0.5719808272227568,0.5722606750179464,0.5733307230022229,0.5751146499853672,0.5802990984055958,0.5855046315230908,0.5915137825399254,0.5966065972038262,0.6095929684869974,0.6300933503657109,0.6540219944576185,0.6755282356957277,0.7041005018110547,0.7407130064806771,0.7749292501509101,0.8228033221652624,0.8603736956889539,0.896937547818409,0.9333746898934006,0.9606621192655967,0.9859198872329742,0.9909591608195689,0.9906353656125672,0.9795181571642675,0.9530476816546355,0.9247079188487468,0.8872611708514232,0.8399048817659891,0.8016768049150614,0.7575692514162895,0.7171658958094922,0.6796024024392766,0.6474987129558352,0.6228381599137713,0.5922385168748281,0.5762113486209178,0.564679436407998,0.5529244184959681,0.5443908821122583,0.5449487307260771,0.5338457301436058,0.5319412238108786,0.5250849977486075,0.521164013852335,0.5218495177905891,0.523978495378999,0.5224393061836964,0.5220828676705171,0.5201316009625215,0.5197816204725694,0.5207045041480945,0.5239606078939683,0.5250465385821518,0.5204317152330799,0.5268514674258308,0.5239198003006805,0.5287955893736545,0.5285700065521031,0.5358927462567408,0.5323640840033103,0.537069206127615,0.5419261589646062,0.5419378237461492,0.5499618199949098,0.556525618843076,0.5648801302722201,0.5766395494045603,0.5958086421733347,0.6087212417727967,0.6343220114288822,0.6601906306828221,0.6865186372379783,0.7286866561702732,0.7641161904829767,0.8158058595739563,0.8614730994582548,0.9144043101045467,0.962651801338087,1.018004647268161,1.0684589494129288,1.106166475042242,1.1425619236601208,1.1726875355027147,1.1894853068771871,1.186383614450613,1.1939945502910394,1.172721438061088,1.1462130969042852,1.107847082174542,1.0597860815692846,1.0193589616671883,0.964605840522089,0.9158994385952697,0.8624057490004421,0.8149438112126559,0.7666452062260117,0.7307077877877666,0.6885691654756294,0.6679139186708221,0.6418366194973217,0.6185445408221977,0.6001123517362476,0.582248899764535,0.5752330924826597,0.5631434290600381,0.5524352473211922,0.5567936078386384,0.5520107001393271,0.5457187907201809,0.5399342719346875,0.5400726158394599,0.5348762183911541,0.5418705926457259,0.5330377013135524,0.5375881590455878,0.5331114774833959,0.530290554571891,0.5342131890704174,0.5314148972080894,0.5338345397794005,0.5264033362181983,0.5268012746505665,0.5207574889349387,0.5201944714449519,0.5309491717321009,0.5305927432915467,0.523388159195597,0.519387691963136,0.5196947392312604,0.5219240138556864,0.5164562494879863,0.5173920164785927,0.5153047983984471,0.5122855389838504,0.5110479967069017,,18.97
ECH062,Fructidor,N0,Pluvial,B2,8.92,9.59,0.44157986427456714,0.4429433323920381,0.4422653072897505,0.4377863411839482,0.43357994498412145,0.4334940486931102,0.43338210989572773,0.4343138100530182,0.4381127864371741,0.4375753811452414,0.4353359956594021,0.4413613125602617,0.4476471155287436,0.45507138104790895,0.46043156525914425,0.4668291433969886,0.46684089946523566,0.47352741404681065,0.47139942165585375,0.48123526789957044,0.4805094605283426,0.4869202503569493,0.49915237918601757,0.4935287867414654,0.4922134108998311,0.49788590635048124,0.4966832984924354,0.49668212685257435,0.5070025715689613,0.504858271457572,0.5035268673244295,0.5020415003530869,0.5029271542920948,0.5090625869686856,0.505877434089958,0.4961905551092146,0.5131529996124055,0.5068732940469242,0.5077879312529588,0.510476665067201,0.5091352322747198,0.5106248840399962,0.5079689697686948,0.5067452986602283,0.512986974303346,0.5189094328603782,0.516204201261082,0.5209380033495024,0.5336363893675113,0.537799065971789,0.5499447701013193,0.5652665000441097,0.584860703398359,0.6025021746655862,0.6310140571155494,0.6613683556264746,0.6910525642984665,0.7239020547812232,0.7547434551376851,0.779585866343163,0.7989432346547354,0.8107438898249552,0.8170463486662949,0.8188403436610687,0.8125609485187388,0.7980241575668541,0.7760249860987769,0.7477219180190164,0.7214075863365568,0.6925503396160057,0.6614770097539427,0.6304794275289406,0.6024599781101329,0.5800285614467465,0.5617083910033905,0.5491487374841897,0.5377817980652181,0.5226484972767009,0.5184137333381605,0.515584709386927,0.5085461017435003,0.5100225229504445,0.5060525462647719,0.5035982379687698,0.5050839667686452,0.5054926459230321,0.5013104604827135,0.5027599314578057,0.5045776258995021,0.5006081625423343,0.49766145859813193,0.4977795083270783,0.5009019398169259,0.4979817380052663,0.5006939153586971,0.5065605117651246,0.4973019417929806,0.5005281885605631,0.5078110404350666,0.5028250002839602,0.5009005303397973,0.5022464323965995,0.5051541563230707,0.5107011095913561,0.5065739583124718,0.5095041669811717,0.5126080381347384,0.5237190085772124,0.5279267399845325,0.5419376634801607,0.5546056705905182,0.5776896828013491,0.5934336634902366,0.6200833066395899,0.6413618350712325,0.676886675208572,0.7056839248765895,0.7424995670192802,0.7855417633513346,0.8162604789718905,0.8457082722735403,0.8850025067251646,0.897321605918024,0.9224002487738235,0.9264020814561699,0.9350365244925932,0.9289635110934308,0.9236859161858403,0.9062388495943948,0.8824675645292683,0.8593167566691776,0.8236464727208248,0.7936760837691553,0.7618869622659069,0.7223015130491902,0.6934496467527861,0.6672065151794264,0.6432309983697904,0.6231419219280575,0.5990887576930937,0.5828632965311126,0.5682498967142844,0.5615596635125855,0.5516453557496952,0.5455494566760958,0.5414079718428106,0.5397930623921903,0.5337166807670791,0.5309216152847178,0.5327122866407433,0.5207017970875072,0.5263871884539114,0.5231299141824117,0.5284827821222372,0.5217025225351801,0.5193356193121375,0.5186946367232953,0.514707349413633,0.5127757656380931,0.5116146862419975,0.507261896277735,0.5043279557999384,0.4995749308133024,0.49605597087759806,0.4965532529643388,0.4941068396453255,0.48569872762959804,0.4890573386790202,0.4858784858875086,0.48334857677227033,0.47820484361527466,0.4761510039756627,0.4777929562232856,0.4674028150723841,0.46231728397761757,0.458081064069258,,17.81
ECH063,Fructidor,N0,Pluvial,B3,9.04,9.47,0.47703044897408475,0.47474323577830085,0.47321530601336204,0.4754307871863836,0.4659420728331741,0.4625785646344089,0.4744116689037204,0.46912486616162746,0.47072517987128376,0.4708158387026628,0.4757439985656577,0.4734730275887784,0.4797865303655742,0.48738871720707555,0.4853271808799261,0.4964329760195461,0.5014245324126173,0.5066225974491219,0.5106155800598128,0.5136606954247442,0.5151501414788916,0.5245817161755155,0.5263410803296673,0.5257910482180965,0.5323940670930642,0.5332666770382368,0.5344143751380954,0.5307191433508798,0.5404200150700792,0.5356826148258688,0.5404431551245932,0.5385894384775917,0.5405208538859371,0.545746636540217,0.5444318212856921,0.5467311311851348,0.5448048761568921,0.5454569992947761,0.5393802220459114,0.5442531101719643,0.5450809659541827,0.5501072497824715,0.5458222162620489,0.5493997283436106,0.5510956483503219,0.5565079245787359,0.5563802873760754,0.5645413562514345,0.5642116745039926,0.5742423914914861,0.5849726932146612,0.610318884574159,0.6297921187782713,0.6539835560783228,0.6762228610498819,0.7063237270467243,0.7391727943500318,0.7757492137613912,0.8070576982312204,0.8317601117895376,0.8528165808035869,0.8717381593360396,0.8751637555368016,0.8746235507693392,0.8669409144843456,0.8482163004229986,0.8279189857172792,0.7974305463089927,0.7730471076932586,0.7394759073578999,0.7103757602387512,0.6712137596172385,0.6546302321374994,0.6204838730963764,0.6016082377599727,0.5870296822941032,0.579920525437213,0.5667768343994289,0.5579798179688497,0.5509560144285952,0.5453791722225888,0.550229684052857,0.5473784877536881,0.5477633327601654,0.544004176372057,0.5342451598438829,0.5379533407213679,0.5426943830543868,0.5398617420364876,0.5390004888384088,0.5370950936273488,0.5429902675665822,0.541271745962014,0.5411770275359848,0.5375628452953475,0.5398122572509667,0.5351348280454507,0.5386918922345133,0.5315341601380641,0.5346036512549451,0.5387551694441541,0.5475824969172864,0.536240472189689,0.5397167247084234,0.5467350493804038,0.5551241030235246,0.5555567316177437,0.5639466914516331,0.5698568437405102,0.5809018348236294,0.5971578050110711,0.6126535788311616,0.6379887847888052,0.6557441823137948,0.6914421475154574,0.7202394912484593,0.7533949858356752,0.7847675422616266,0.8230859110896638,0.8653555823055125,0.8948775823680089,0.9266534350175417,0.9486870714607523,0.9707254601551824,0.9792135351293093,0.9885722015301001,0.9865430733734967,0.9759725337830124,0.954901096655121,0.9331525142502208,0.9075298743002777,0.8735680556826255,0.8395991899916001,0.8117916868963424,0.7694650365002385,0.7434686978196815,0.7071605748275026,0.6860311528148526,0.662984780172038,0.6395549073740593,0.6209852801640887,0.605356289124426,0.5987871683133995,0.5939158281034814,0.5827378581227016,0.581426189094981,0.5730367400259674,0.5739411738212578,0.5689550332458742,0.5702730722326592,0.5673004816154719,0.563585469194213,0.5634948413541654,0.560881034315428,0.5578092504769137,0.5628985923109767,0.5562909558508687,0.5483078507888366,0.5504171633534339,0.5522458205241096,0.5442908891075018,0.548018858238971,0.537803885070652,0.5386507873569741,0.5369565429164468,0.5318631426095137,0.5230345551559098,0.5209741775292026,0.5239705361057738,0.5147359460881437,0.5168107667329407,0.5093832897448363,0.5079553906998799,0.5003044290975913,0.49965074177065755,0.49594817783336903,,
ECH022,Apache,N180,Pluvial,B2,13.93,10.15,0.4759229169446906,0.48075639803841547,0.485076423421567,0.49681432946067566,0.5008817987980252,0.5089725784671936,0.5134434861421784,0.5107759101108661,0.5138489577395042,0.5181229857224815,0.5186162988430071,0.5246748027551008,0.5234199887446866,0.5250819241802803,0.5219939123986629,0.5201933701442826,0.5218037242247406,0.5182378545585405,0.5157327872054946,0.5188067944425886,0.513719181640693,0.5116490441620679,0.5094050494596962,0.5135237533061404,0.5147226732531451,0.5105128083663514,0.5142522163093834,0.504050634162837,0.5093577859201415,0.5088686920638749,0.5061522612214173,0.5146946894576176,0.5064138800940572,0.5043191612231941,0.5044183304665738,0.49701225874989335,0.499324121215153,0.5030677549710185,0.4967159136623078,0.4946255947736121,0.49965171735409736,0.49856535972281807,0.49528219815518293,0.4921337417626159,0.4934245537674835,0.4936400264823999,0.4967388431230824,0.502623836423779,0.5129926525367858,0.5246326667534764,0.54046703937052,0.568393987140861,0.5965776628442195,0.6347328976038337,0.6665950372886885,0.7127141488555373,0.758705180071441,0.8035771425360664,0.8512678874157664,0.8914572777765406,0.9229304535377908,0.9443686495145792,0.9558742178475258,0.9523452062318655,0.9412181509573401,0.9175673384305949,0.8822067034591746,0.8457319148322553,0.8021960504257898,0.7481528983639129,0.7045739686308233,0.6561222751133333,0.6180008362630647,0.5816781558183192,0.5559337368435487,0.5279564508569724,0.5139743622887234,0.4956073719867599,0.4835319773282194,0.4738491334285508,0.4728036371509644,0.47087849015455774,0.46639097190404266,0.4705182820878281,0.4668943211493398,0.4608579309933796,0.4602370346662937,0.46215500225710715,0.45787292134170404,0.46357768997879845,0.4608855673802183,0.46031113388343226,0.4613580468391779,0.46423566251852794,0.4593689267766659,0.45833376131373793,0.46305888468057826,0.46136164422138887,0.45752366392072336,0.4586817496894816,0.459655426453938,0.4608797938859187,0.4569036082897083,0.45815108825281625,0.4627654448840525,0.46629358238227525,0.47244407521634846,0.4832554762588703,0.49000079693643755,0.5028375096429741,0.5132873524329205,0.5335903840817035,0.5582882935772052,0.5834853851306059,0.6082174784493823,0.6427452677476811,0.6833079025649447,0.7128303865306789,0.7475874343807927,0.7852290665111074,0.8199632031311858,0.8495329255875839,0.875128457309414,0.889809259421222,0.9028679829324584,0.908997852266585,0.9044985707866406,0.8909167565460754,0.8724018808823244,0.8471107375854241,0.818521968884675,0.7808392625756199,0.7454628081759689,0.7050601144797999,0.6714227113482063,0.6355648196983121,0.6043361216774998,0.5743452636201477,0.5479396870097072,0.5234543458976937,0.5055804642426814,0.49241819439750684,0.47460666434300447,0.4645785852524055,0.4590699144011997,0.453601072580456,0.4451192130585984,0.4436931980702075,0.44078341288700273,0.43217115586449745,0.43634097901495666,0.4350094239305733,0.43368223296817243,0.4372209678613582,0.4282135171083408,0.42831721622067415,0.4219035156901921,0.42724969447964467,0.4264512506710902,0.42504122372779307,0.42881071841731283,0.42696754343262744,0.42349766367306657,0.4210106082989158,0.4240392629362592,0.41971974039691834,0.41612292907245585,0.4122085528787553,0.41479424604932985,0.4171248876531928,0.42041580169263304,0.4124793250394886,0.4086904627113778,0.4061080698229979,0.4099803660647152,0.4016780107311872,,19.08
ECH037,Rubisko,N0,Irrigué,B2,9.47,14.49,0.4796637233446235,0.4809555424628883,0.4755794258079626,0.4745746448109633,0.46725755086750453,0.46626753912872704,0.46659740321215903,0.4671354063179817,0.4656486674614672,0.47442067901960594,0.4760206374638509,0.4759114011419508,0.4828001099487606,0.48603344610887245,0.4922992255867246,0.4910081363817303,0.49948256581965117,0.5044703914924589,0.510980691331525,0.5113516453686571,0.509476251617608,0.5170583741114239,0.5230354596051554,0.5259306745838112,0.5329466874164935,0.5314749847805095,0.5315201613137989,0.5324875737967523,0.5370072068481535,0.5328711804452164,0.5350356137356446,0.5328976070185953,0.5410458440140999,0.5385217283497918,0.5357212916470508,0.5379556866317065,0.5402492544029155,0.5383675244895679,0.5379102864570555,0.5379644601280559,0.5414161149262031,0.539915301419287,0.5404269418305838,0.5389187096444767,0.5448227487292115,0.5464814765798853,0.5495873084910259,0.5561585835388475,0.5647514306573181,0.5739800514187828,0.5858038224862465,0.5990061430052416,0.6171857269082834,0.6385239744548933,0.665982353981354,0.6966248903409922,0.7246822315494452,0.7580872548285406,0.7842761890889478,0.8083667161829481,0.8370066965182927,0.8477849446376173,0.8536586246824998,0.8515344950638033,0.8464181079354078,0.8319142708725487,0.8026917886919808,0.7744022368358554,0.7462357796182435,0.7042038907436732,0.6824675102739675,0.6525451329287244,0.6084908830937134,0.5911157309918292,0.5677364907458649,0.5512495624022337,0.5363547727819757,0.528631299913308,0.5169996048747036,0.5078281779802626,0.5049124486508667,0.503108701316293,0.4951093012088296,0.49154224335178043,0.5008299562010277,0.4917227214791358,0.4923802831499359,0.49103042390338125,0.49355313221984237,0.4971427799511794,0.493694596539062,0.4877335603879924,0.48866478440739913,0.49233655833471246,0.49362852983775585,0.4903503406905582,0.4992466445705725,0.495008043988092,0.504462867356924,0.5074513771320508,0.5036237500382829,0.5085566756351046,0.5070743412958281,0.5170544892901096,0.5192735529597048,0.5246210738403494,0.5360881709325823,0.5470828036889354,0.5620167859907496,0.5838976374038299,0.6008262694877903,0.6350563512540084,0.6574023799507142,0.7027259626093446,0.736158849707589,0.7848884255679707,0.8326266355081282,0.8845938088162504,0.9403333107426138,0.9936800443289008,1.0409343241688251,1.0791854301919452,1.116856716424444,1.140980077250732,1.157126272834135,1.1623203658143624,1.1586930987906405,1.1438930077112646,1.1103154454440134,1.0799607876141568,1.0415948873121337,0.9922528956741429,0.9359476185275206,0.8813262401096161,0.8355421187250192,0.7782378200651214,0.7431334549096105,0.6981940949453587,0.6682523972559518,0.6265414225983824,0.6083597820744079,0.5837804355994509,0.5656952303647382,0.5487746935800272,0.5438920456495442,0.5358300969609059,0.5328263839568713,0.5256945153781873,0.517244556521837,0.5132224132772764,0.5099474748220438,0.5167181109519975,0.508498171024992,0.5139962983979934,0.5099714948215146,0.5082954286761703,0.5053303100915137,0.5071921703500342,0.5041231010074212,0.5020126853283159,0.5041453683258618,0.5005456599174001,0.49748435527135215,0.5005614124309445,0.497433090509995,0.49793550898022304,0.49393181552946425,0.49047192290264546,0.49809214681825853,0.4962966703988369,0.49306094430150593,0.48798235582234545,0.4869651104182319,0.4907180604816135,0.48420002290773356,0.48204040718445357,,21.84
ECH034,Rubisko,N0,Pluvial,B4,9.3,9.87,0.4884491823521015,0.4841526545139153,0.48399031537585985,0.48567401907920094,0.4789408768663094,0.4766247108650831,0.4791586474194134,0.4804555776425297,0.4850091564452141,0.48311928586876424,0.48677616330914103,0.49050824611830135,0.4889945375798518,0.4941161799001838,0.49859629292355295,0.502821440828221,0.5141510098319267,0.5174258510763954,0.5213219257288927,0.51749022964406,0.5352262134166581,0.5297509543601348,0.5415451280210247,0.5335976498454043,0.5376947650070095,0.5353803466381581,0.544645766057579,0.5415831157339104,0.5427933240288507,0.5428548835336271,0.5501308431105466,0.5506519943358992,0.5545861551805594,0.5476557602273755,0.550875864160226,0.546812769803061,0.5501024333354189,0.5499552812564555,0.5533034052460649,0.5553781712003083,0.5557748060607923,0.5508647775415764,0.5571871622909497,0.5551958138241905,0.5560118660798684,0.557286034487453,0.561244003462848,0.573138747056477,0.5757480442078339,0.5846751917250845,0.5955791811706228,0.6192155294388989,0.6348640326472059,0.6514511156012353,0.6787803944196898,0.7076306057420307,0.7390454857408457,0.7671187386507573,0.7997730260332967,0.82886236443172,0.8416555621194824,0.8567889915499342,0.8656333553732785,0.8643998141151774,0.8620528439974243,0.8417480713837618,0.8177581776759977,0.7853702109355953,0.7533784975773118,0.7166033452062915,0.6903396938408927,0.6582099019200754,0.6320760221410748,0.6024535463942735,0.5811999793553159,0.5643251247855449,0.552082173082341,0.5335956871429073,0.5313601651562598,0.5223114018220808,0.5140574896810589,0.5071043330551709,0.5100328185522347,0.5125936463835529,0.5116338962531198,0.5064642442790219,0.5104183835040818,0.5038291017756044,0.5064992563319769,0.5021997297433262,0.5021403931341095,0.501987107364419,0.4983682177396901,0.5091273070803185,0.5042361750142096,0.5048257641026371,0.5049324282165752,0.5092807845854768,0.5168012965944234,0.5196353182928477,0.5104914536606131,0.5168844991783812,0.5177818504039448,0.5273992706973604,0.529649685242594,0.532284962220748,0.5411579716317628,0.5479300444266957,0.564671562939103,0.5743615906960112,0.590413205315954,0.5991916816716129,0.6291071658125469,0.661079609921853,0.6876345090031135,0.7099183609158437,0.7487259501719638,0.7818425493937396,0.826868821599482,0.8580016933960203,0.8883522761354891,0.9205659065863285,0.937498050696267,0.9607647605853314,0.975729048171072,0.9820588827087895,0.9696993388425245,0.9626915102588899,0.9480926038012939,0.9158047225501924,0.8910228525343086,0.857169275256206,0.8266494264105114,0.78464705015833,0.7492177449771905,0.7183273271075332,0.6802800066932991,0.6551358781010481,0.6293406166142621,0.608672915388873,0.5934060107481195,0.5774590044618547,0.5613306123081887,0.5542381982769272,0.5506322438689681,0.5377022966102114,0.5360220631655984,0.5314464379873465,0.5290674886611382,0.5221759628980293,0.5295262880265921,0.5214841298541487,0.5255905789737687,0.5194762900265566,0.5183659062766793,0.5228239450993717,0.5211257852495293,0.5177321496694848,0.51834454556186,0.5141373858449745,0.5139033738513614,0.5108505289940527,0.5144349970044693,0.5085100230907877,0.5138932138499421,0.5073179356494601,0.5071352046767671,0.5081390816327575,0.5047051823817512,0.5024925718943234,0.502031531828033,0.5035215740811181,0.4975539334570154,0.4978506735531117,0.49693235608935477,0.49815329602717173,,
ECH041,Rubisko,N90,Pluvial,B1,12.29,9.52,0.5120610101771116,0.5146367758973955,0.516106588832513,0.5161543120759445,0.5196537332887851,0.5144291361245789,0.5188533961905767,0.5213556834243339,0.5207565421045344,0.5293201213179974,0.5255744615564345,0.5271107541685663,0.5261700752984713,0.5285880609873504,0.5259811530636063,0.5300844635358954,0.5287249989947553,0.5316206773800403,0.5256644247754853,0.5308255638733368,0.5394405756540168,0.5383527675448412,0.5406047741349912,0.5415699706727385,0.5401577669217376,0.5374848317166422,0.536408748698248,0.5436100296902509,0.5409848294809936,0.5488663753558646,0.5408538948058994,0.5484043899359037,0.5425235925028725,0.5474826497193643,0.5490186963298088,0.541290276189278,0.5433165348351241,0.5420770960613439,0.5419008405743329,0.5480472518395448,0.5460022652808396,0.5474647434361481,0.5499805647432707,0.5442068144411384,0.5558138760241156,0.5541176370171171,0.5614340067556383,0.5683502964664691,0.5798313371318712,0.5878615705085225,0.5981251901365472,0.6253943310230757,0.65130950114583,0.6778934550889778,0.7161712697665937,0.7529768084323809,0.7906021542006884,0.8376173777453051,0.8730787875559052,0.9085134699803662,0.9367434884708705,0.9616054545716245,0.9673781252145253,0.9663565902385143,0.9524342793172301,0.9326216222898107,0.9041371831048199,0.8643400968642421,0.8225808088636832,0.7786845838776958,0.7295080050437702,0.6900868109167492,0.6548193614715863,0.6204850915869976,0.5915797439790342,0.5661163300841842,0.5491650521015617,0.5378897225290695,0.5272672201063184,0.5166421393739351,0.5129482425147118,0.5067396580895922,0.5078714220567538,0.501584798560458,0.5023057899145367,0.4994849124034821,0.49372592927939596,0.49704089877557645,0.493262430176971,0.4965459801479653,0.4947598880922636,0.4984751910655558,0.4938337419233501,0.4986242157507388,0.5011965260109634,0.5032756468465474,0.49950698350323436,0.5032775821404372,0.5053948783153487,0.5113243967871479,0.5043506411855363,0.5085178760807204,0.5225717975734615,0.5168410157991867,0.51627170853963,0.5254990841551316,0.5255425132717553,0.542800059468824,0.5547174672268133,0.5621160352681438,0.5787086806549583,0.6011737119700066,0.6146601871521506,0.6407588662913647,0.6720559548469455,0.7013871534698449,0.7359960499507702,0.7678449492627326,0.8075271936162985,0.840948449675326,0.8754687029706213,0.9033698267593343,0.9275268580295599,0.9407258630426745,0.9578058264250323,0.9591230923645286,0.9557311920766242,0.9480237054632293,0.9244902068231113,0.9065158459533528,0.8778321091315249,0.8433550550179,0.8037116641453868,0.7649669562683774,0.7401809070400461,0.7042831064056854,0.6711115713684294,0.6492191347942441,0.6187355495886911,0.5990398746297133,0.5841686054728648,0.5646060830383212,0.5557319492222471,0.5498396364599893,0.5397371824516437,0.5370298820127494,0.5321864849490364,0.5253247000697232,0.5155743675289356,0.5171134426240391,0.5209686257151553,0.5125536421029159,0.5149356478100888,0.5157609602664875,0.5180549829079749,0.5108601253157851,0.5096097117617133,0.5103394108314887,0.5104983860926869,0.5079183997720279,0.5104476191032978,0.5038023167951422,0.505440449352553,0.505275718806587,0.5015793678132343,0.5041192540011614,0.5008474730625964,0.5015484587832274,0.4985269089205774,0.4978183834600238,0.4935190514066285,0.492234070351874,0.4964934825711638,0.4934051545007582,0.48709317815050285,0.4893539558516659,,
ECH055,Rubisko,N180,Pluvial,B5,14.98,9.44,0.507265809001135,0.5119398209684541,0.5191484713294053,0.5220282660521738,0.5278024943380766,0.5257970474251067,0.5322488474752178,0.5301905927632716,0.5364478404364488,0.5298662332852956,0.5359437638016853,0.5291573795097757,0.5304640715227534,0.5318747130437367,0.5271248161580768,0.5185892971142243,0.5185675212923755,0.5132399394638413,0.5100224782095086,0.5131011591825638,0.5123972141962432,0.5103553525887509,0.5095078438356633,0.5066623645037522,0.5051775477716284,0.50234150197663,0.5040250781270875,0.5013455665135843,0.5028785541625199,0.5058899348961795,0.5055529956171089,0.5154327900934225,0.5025623266017625,0.5065993785714072,0.5030819979617079,0.5065665102337206,0.5070636433300522,0.5110205780218536,0.507541989818873,0.5087797904430974,0.5086401298828589,0.5065104590482427,0.5098831011538815,0.5123645842731038,0.5162316478459378,0.5213974538046566,0.5244294418124265,0.5320933063823948,0.538403744575014,0.5596517681323145,0.5748993306700562,0.6033021664598603,0.6346103865739479,0.6652792610907927,0.7031196883578316,0.750672533353194,0.7989145345798793,0.8445524326514584,0.889365565222608,0.9334564691219145,0.9663830681712615,0.9869980451190669,0.9944650329845994,0.999483184653413,0.9817972111324471,0.958976680274108,0.9230534047934802,0.8736299933587828,0.8314062609511519,0.7825270167493643,0.7332335013509297,0.6846674831846721,0.6356150922352795,0.6078360921199688,0.5733518147115891,0.542235909372939,0.5224291849581258,0.5090349924795738,0.49780798269216225,0.48487450700260726,0.4818454087133141,0.4688931911099446,0.46743989763212956,0.46169236003515157,0.4632597768345075,0.4690968830413566,0.469788289670942,0.46369492905244103,0.4607297407324798,0.46187542747861515,0.4640734930735583,0.45827908612615265,0.46175418569650284,0.4684591873650543,0.4618714102763683,0.4637812585649853,0.4672519573581616,0.46941478743183157,0.4682262942238776,0.4720784771720127,0.47567362748911474,0.4820618432118472,0.47855139748389613,0.4821194236425611,0.4908762825229601,0.4896559955204544,0.49356528474132294,0.5060558263201317,0.5181685022253577,0.5278743042050479,0.5409019525255768,0.5540878592933918,0.5785379465131291,0.6058064468242383,0.6248175581973785,0.6569189706375111,0.6878189929347798,0.7196531952616154,0.755715572772844,0.7888326822009799,0.8193646140961082,0.8424208873496875,0.863165124307052,0.886005103145712,0.8943161981683432,0.9049186029390087,0.9013952252427996,0.89101333692322,0.8650372554112169,0.8467682551312342,0.8203725069448818,0.7894932074482311,0.7536893065135746,0.7254789035486794,0.6890463189005019,0.6583272335989964,0.6244832269460582,0.6049678795274388,0.5792714334042796,0.561642423925648,0.5442489813967691,0.5302765665978726,0.5183883516256272,0.5119372643602013,0.5019362248563517,0.4926796886076291,0.494503085996865,0.48707916515437927,0.48296635006282,0.48183585640655774,0.48409444473430585,0.4815584938561957,0.4742283031402267,0.47836515148061687,0.48198027335894045,0.47611093488492906,0.4759756030713091,0.47860952723162653,0.47686812727235894,0.47653520547871764,0.4641245554430388,0.4765972133913999,0.4722415200094292,0.476633305973793,0.46579932052868345,0.4617344254744131,0.4659062951051237,0.4639001836140574,0.4655112271875516,0.465581749164707,0.460885161521368,0.45919893808747386,0.4602477933959582,0.45665441325868344,0.4551330753942128,0.4579805913826999,,
ECH078,Fructidor,N90,Irrigué,B3,11.64,14.48,0.4556748476096756,0.45713117550609794,0.4546872546541842,0.45979183838183646,0.45992744863009755,0.45718419224077456,0.4642315489326748,0.4577713502216279,0.46253683360341674,0.46335046725761647,0.4624356758257301,0.46689100868595457,0.4709550249677991,0.47178764637127335,0.4712117080960389,0.464924640456347,0.4669512724406051,0.4723790439595948,0.47267360831940153,0.47215193129425903,0.48020581684166436,0.4756246901986088,0.4777249920477388,0.47982528589723417,0.47776339085425007,0.48608155909468026,0.47616997563426944,0.4778284126589105,0.47744649365292874,0.48556414624930283,0.48385661905710625,0.48036535832598953,0.4799274262601604,0.48716974818836034,0.48457278571351997,0.4881716300963843,0.48419867750742246,0.48634927979360676,0.48616602719526475,0.4838892729149605,0.48592015272666295,0.4835620194011023,0.48964653020088483,0.491952250472547,0.49483358305258396,0.4970638175718727,0.4992935716424398,0.5108583347102456,0.5178884365481271,0.5314907801485791,0.5475069992364401,0.5628409736006461,0.5890210576206759,0.6194451058273678,0.6472238547858705,0.6843265687355246,0.7230434595683518,0.7663044497711011,0.8036729897909152,0.8344875962029565,0.8671992166358948,0.8862909531695539,0.9003616208612536,0.902723457663156,0.8875566901782866,0.8640126942924719,0.8398314771829205,0.8035474593900194,0.7645108728028871,0.7227222536255938,0.6844522129362901,0.6480568363946184,0.6172452368771344,0.5869069217233177,0.5660292840906922,0.5423439216691492,0.5256145338619235,0.5111749135800668,0.49985561500564424,0.4946365101379687,0.4895549612737817,0.4807138182542539,0.48314093449959256,0.48945666079159844,0.4847174992590282,0.4817550100148296,0.4835493908716879,0.4760838429408608,0.48245310088195276,0.4851455123441838,0.4806828527699979,0.47548224821940355,0.4793251768595151,0.4841931858936879,0.4809472124570303,0.47577396323914284,0.4870535897241429,0.4762097877799737,0.47941267353763156,0.4774228912445422,0.4781477449557193,0.481089602301465,0.48620514930994085,0.4909276646551131,0.48987983534896135,0.49359813905622957,0.5057186107300322,0.5160438871061811,0.5286269294744581,0.5458496943842813,0.5660901896087474,0.5928962996008281,0.6233380105386077,0.663611301297436,0.7086936974135467,0.7487667516833777,0.7981914494986814,0.8514991272474947,0.9022339105061492,0.9590614630150232,1.0076662375967227,1.0495474475201847,1.090832473646307,1.11655823102395,1.1316204970009003,1.1423749589116985,1.1372722869777232,1.12343969072518,1.0966961275369218,1.058561023037994,1.0149918259457658,0.9687969098299679,0.9192489517814687,0.8680177057391188,0.816780802956152,0.7673866242949327,0.7261178125575292,0.6810926662851542,0.6555250085555733,0.6204606739225124,0.5898413658565174,0.5734443600444451,0.5589878359137677,0.5429452908820114,0.5297767114206039,0.5237797751858959,0.5229927374462121,0.5119406471541549,0.5096700137336088,0.5130979290949963,0.5086937110490419,0.5053616486568301,0.504126306378997,0.49933520817949745,0.5032483368981129,0.4972925662692471,0.49587061213142924,0.4961247051169566,0.49176400644511625,0.48772170537845466,0.4810352592384817,0.4851568655284782,0.4812445092371845,0.4763299984071302,0.4715862746331345,0.47151443307207624,0.46967554049843735,0.4652835552752105,0.466675332162791,0.4606760123947243,0.4550834036134637,0.4545182108732601,0.4494117795839451,0.4464360187386681,0.44730257868164364,0.4379152413309637,,19.26
ECH087,Fructidor,N180,Irrigué,B2,14.48,14.72,0.5195415265853507,0.5255569466349507,0.5328805511166101,0.5335406188416492,0.5404627809215075,0.5466711580156901,0.5487362553456239,0.5513230802349615,0.5503752302798918,0.5536606245189216,0.5540943437143353,0.5524643996670346,0.548639350352787,0.5475385054131782,0.5443498733125169,0.5465973129999805,0.5390257703971587,0.532018860530855,0.526684565612143,0.5260736673270968,0.5236543754530157,0.5243561021506441,0.5192728411488949,0.5238626261844849,0.5153578445699465,0.5141560324867843,0.5184167245404269,0.5162588478579202,0.5151294910071947,0.5172255524636877,0.5171669192018808,0.5198513847173841,0.5183628365517662,0.5190279039790131,0.5210589364167596,0.5245464023123235,0.5263488672119655,0.5228245335890636,0.5235341978415404,0.522852786701749,0.5255206237602614,0.5261488356856143,0.5302309126379093,0.5224508220648542,0.5301659417074124,0.5359325267589453,0.5406942075655972,0.5462619387464086,0.5566707563955652,0.5784524859464859,0.5939823377072031,0.6166306491817243,0.6559624957214579,0.6921852742160286,0.7333614060239939,0.7783286602009885,0.8309098515600901,0.8856587517363675,0.925832445078501,0.9696370064881406,1.0082179762105803,1.0354010388529848,1.0471123809960905,1.0503956828519732,1.0383460887663754,1.010270897655588,0.9750816883144385,0.9303072182317681,0.8806039567068109,0.8256894885265159,0.7760736713336994,0.7275170436834867,0.6880103939394555,0.6515366290541604,0.6148078610486387,0.5935595127806189,0.5703409882889117,0.5541561938863182,0.5438785515718112,0.5339864026667496,0.5332297471163187,0.5268016106901774,0.526962338203702,0.5213091776707007,0.520157577500043,0.5261277743680308,0.5150226333425095,0.5232836431598605,0.5240246869463479,0.5210444727594128,0.5174749948736364,0.5224890776477997,0.5170040723653624,0.5156342323972788,0.5163981195199958,0.5157073298099789,0.5145001768363924,0.5206953075134969,0.5152265585289817,0.5178728959920438,0.5143871437062909,0.5200580932005597,0.5184349544976009,0.5212477510173275,0.5286254947236879,0.5379684461169749,0.544119362772822,0.5550250965979413,0.5670973168236444,0.5843677089381281,0.6101167424170104,0.6334049286382696,0.6702851244906375,0.7096483174594138,0.7468932522216541,0.795629270100812,0.848302924593444,0.900416564716462,0.9592842620774176,1.0195120413035785,1.0642680188035156,1.1178360989336371,1.1515441893667568,1.1888244721211871,1.1992623021937794,1.2079541308776078,1.200664583712925,1.1845898205179317,1.1631040535424348,1.1235897663759682,1.0808378673448507,1.0240221334636155,0.9769981936049544,0.9181805491184063,0.8640871384215569,0.8184030509585819,0.7718122694817912,0.729450316350985,0.6948147394116009,0.6639993512480716,0.639697289108668,0.6104485552458697,0.6015609492490858,0.5894417445805122,0.5725166974854047,0.5609063415886304,0.5559785394636506,0.5543946178031198,0.5584971078429831,0.5498698688937694,0.5457579611974432,0.5435717120592968,0.5397595481145199,0.5444298871401242,0.5395185217602746,0.5439506401552024,0.5372374377617841,0.5353812727546161,0.5295428650448724,0.5242221451463079,0.5219630789633938,0.5174445834244749,0.521151243649502,0.5140525735443218,0.5147921447470061,0.5090300002960912,0.5044111752652699,0.49844631980344634,0.49954063992265696,0.4946909827891054,0.49480878667104056,0.4867674384334492,0.4876395226764297,0.4876655216561275,0.4805930112672171,0.47924878207732063,,21.72
ECH050,Rubisko,N90,Irrigué,B5,12.12,14.78,0.5073810771675624,0.5042906537679508,0.5079188048056911,0.5001147788642462,0.5057666515674581,0.5027877692060498,0.5118758354993178,0.505998016717341,0.507890952554275,0.5143302644295411,0.5170160333928167,0.5143741499279231,0.517559739370601,0.5184380001473636,0.5171306091201672,0.5154214834977217,0.521305078509654,0.5223302495940955,0.5240290292586169,0.5231142866092098,0.5194785793118727,0.5258356933285933,0.5245154844658105,0.5238005055443646,0.5250678227646406,0.5245576900197871,0.5299452464082492,0.5236479543602856,0.5255185664465086,0.5280823964542672,0.5344524771099003,0.5332893254079238,0.5256920795633413,0.5351301065150941,0.5355603693359811,0.5284033580366472,0.5247567237799008,0.5324922438098709,0.5364731544255706,0.5383147704266091,0.5314490612282988,0.5399979867205028,0.5290116876445357,0.5359826740557898,0.5378960289926824,0.5456468183616087,0.5505095264325465,0.5557762136905967,0.5576031184056907,0.5760388630443758,0.5904320357872387,0.6035180694375688,0.6264626508948531,0.6644589401345162,0.6936936100425856,0.726674394262092,0.7683213474606588,0.8088333887598981,0.8445768593297162,0.8732702396917686,0.9104654132371276,0.926528181145096,0.9315864789768358,0.9303804518284916,0.9206152046462425,0.8947948275368185,0.8696327035818169,0.8289497258438879,0.7930441873155162,0.7483790586754003,0.7075727899076122,0.6770687302494668,0.6369729267411185,0.6063517180701541,0.5732537711371111,0.555648005787508,0.5412479275716088,0.5266450030392047,0.5089836033980569,0.5080367286975771,0.5025170899741561,0.5008253626812715,0.4917308669492224,0.48455822221781875,0.48652564912365154,0.48494309518004697,0.489542704989334,0.47859016457281806,0.48506716410007433,0.49059633778999534,0.4864629305685999,0.4894548288506504,0.4823574359741939,0.48317889072694653,0.49317926305238463,0.4902343101411757,0.4914905528094019,0.48928004724646845,0.49462626986757446,0.4928644942859158,0.502212557087236,0.5096763657804597,0.506444192231557,0.5074695592816759,0.5073267896232364,0.5169578893575857,0.5357184902173369,0.5394599354215431,0.5559175740235995,0.5770234331163484,0.6016097020373374,0.623205716088654,0.6540901061286832,0.691995273293838,0.7312012972950407,0.777021928448724,0.8291620253456156,0.8799886192583396,0.938111991613542,0.9842671227997681,1.0345704802317086,1.0709272439456514,1.1116101538425889,1.1348808030968898,1.1550066752363561,1.1615434919894552,1.1538767007412636,1.144093211647199,1.1140705740072228,1.0773786303309592,1.033100222091542,0.987953068973628,0.9271846774427044,0.8834376000027276,0.8250167605048578,0.7773430928558002,0.7353512211237164,0.6964163360996077,0.6531969609397529,0.6241008178762185,0.5998305826701557,0.5774716372839431,0.56321508060948,0.5571722329689585,0.5373585098678555,0.5256073568284676,0.5176083407314571,0.5157372417231806,0.5102641443022775,0.5117116095544849,0.5095006202449476,0.5050175595365684,0.5109136026764477,0.5014931427590401,0.502200119493803,0.503404032686653,0.5031270307889799,0.5032623949436223,0.49969451392586983,0.5005330035422498,0.49434282597235346,0.49803389675560894,0.49691731530303845,0.4976464623894559,0.48698811233839084,0.48813849705282614,0.49217736294762116,0.4805833888549801,0.48882515213096545,0.4893228229926011,0.4831917422230806,0.48239152946186625,0.4792053123537395,0.4795937476629505,0.4783970580019519,0.47652901635789596,,21.95
ECH011,Apache,N90,Pluvial,B1,11.32,10.02,0.4347353216066137,0.437545786788214,0.4388361472115275,0.44535431003223486,0.4475424340517069,0.4495503640894786,0.451564831255649,0.45832545673857206,0.45833433777288546,0.4612392474044077,0.46558591000904437,0.47345122892139296,0.4673881103770146,0.47670458170132796,0.4716188794190648,0.48075029094344157,0.48749971750384463,0.48677206215014834,0.4881856096413326,0.48817786147145564,0.4919389039181619,0.4928623961458394,0.4928071617759785,0.49560555971942355,0.49813662075398035,0.4960577846173886,0.49650865200818256,0.4951663660348192,0.5004948139876697,0.5007973895622764,0.4994684715794524,0.5010670095704015,0.49763413315361843,0.4975640429721587,0.49615524468734645,0.4936855415455767,0.4909707184942003,0.49772603434702933,0.48820368987999146,0.48604310583852234,0.4878962695274161,0.48606839409944014,0.48011139791479635,0.4871797717816919,0.483730278827145,0.48191508750245887,0.4914874473445565,0.49439991137522277,0.4958230974934215,0.5151394186791687,0.5256667405887775,0.5417412470884261,0.5691512034428409,0.5920414934274655,0.622907337455318,0.655906909484638,0.6967468748726025,0.7340693215089805,0.7688122223328574,0.7988059246368335,0.8280762982364736,0.8461834053995004,0.8518759056869023,0.8509632582470533,0.8465907248523663,0.8173695518437859,0.7982441837534048,0.7627177464576852,0.7308398956610586,0.6866407357980304,0.6517755529004632,0.6124387007216628,0.5812051277570801,0.5544835253156613,0.5267957442983516,0.5115361913829757,0.4900531665433306,0.4820244896644497,0.4750433161926225,0.4678185585668852,0.4670230060126459,0.4558095842138996,0.4517865045885071,0.45145705819729376,0.45540216147816415,0.45419772648993656,0.45248477012605015,0.4484003900156563,0.45373139102573445,0.447459755484136,0.4543387149312352,0.4591783818093235,0.4514624982695466,0.45188320983841385,0.4484443408892723,0.4443086934088015,0.44778992907281195,0.44624360751523334,0.4452053799714886,0.4548873893674114,0.45093314374957283,0.4519652678172663,0.4510583145943654,0.4532431243184561,0.4592636827899027,0.4599766208522187,0.4667765797653425,0.47146996905446104,0.48005444044209467,0.4884308187185951,0.50121791495051,0.5241222097928787,0.5463179843082298,0.5671029659301068,0.5991374250307219,0.6308147749521414,0.6581433907450213,0.6975201425987568,0.7377446106908996,0.7732506879284251,0.8020785315289838,0.8358799332364946,0.8633449913447753,0.8812528008833088,0.8900823184659427,0.8925970139702897,0.8877197229111056,0.8788029281201467,0.858576729647171,0.834238402255906,0.8021076715087853,0.769938891946391,0.7314127620494889,0.69643011011848,0.6602288848471971,0.62042838213258,0.5851761619554283,0.5661096587936554,0.5365801159090576,0.5085536490762196,0.4929122723002491,0.4819649958662378,0.46631695301769066,0.45565538012867274,0.45355969983170263,0.44012308380830445,0.43616478903804057,0.4355615954224986,0.43327698782793056,0.43136763254851695,0.4308100549356137,0.427164124079025,0.4267255661453234,0.4232950716283605,0.4231522555717459,0.4222198114106208,0.4214938380112398,0.42212048183275097,0.420415819017662,0.41781768529820223,0.41417581720776186,0.41570582790937494,0.41429878226042566,0.4138223685874324,0.4187023019625702,0.40933140796234063,0.4109700246009339,0.41168983567266115,0.40754110401007015,0.4130051845287978,0.40358456850739377,0.40440109475907876,0.3997263005023181,0.399746457226763,0.40021126772604,0.4006526544388312,,19.25
ECH051,Rubisko,N180,Pluvial,B1,15.17,9.68,0.5336278791095184,0.5452819123918969,0.5434919964665117,0.550395985704589,0.5518379840995451,0.5553757752540787,0.5548569190603967,0.5572436413854817,0.5594408139359152,0.563832809030474,0.565890837075379,0.5559298718074308,0.5576373993761345,0.552690195513363,0.5531725622767336,0.5541932674117853,0.5465999837139851,0.5448765733492332,0.5466723978343441,0.5412546773519606,0.535510997291107,0.5365373218389631,0.5322063878283986,0.5349200892560473,0.5344843437685924,0.5283873932126488,0.5327927952046415,0.5318779054809654,0.5339720710629802,0.5350471393896205,0.5342767766650023,0.5322765092542214,0.5363574924125154,0.5313240021736587,0.5303710257900464,0.5251343388204638,0.5348959161804276,0.5330343334586826,0.5371102412826362,0.5304817818590566,0.535052156182153,0.5392168841244528,0.5358869313065262,0.5419428990362463,0.5416464757420442,0.5470830225425529,0.5546042681466319,0.5637148054827802,0.5722964742715891,0.5846459927800842,0.6054581151602496,0.6338199786621079,0.6596790483231089,0.6988566381144592,0.7402612961805454,0.7874982081870893,0.8338921477423067,0.880981892253163,0.9355609698558384,0.9793014971429073,1.005545600276832,1.0361510585375353,1.0501729060131226,1.0473605198885163,1.029744432679418,1.0013482768704143,0.967225123439137,0.9226463954784418,0.8720809945694068,0.819013828992914,0.7646073763185821,0.7201899698795013,0.6758152753582871,0.6359300970111965,0.6024760002027592,0.5798421666031103,0.5510283789611587,0.5396355094563587,0.5205173532148197,0.5162462365852394,0.5093808676873768,0.49951132048758673,0.5015322147184218,0.49517812787331933,0.4891381775243327,0.4892213433604979,0.49275261367660445,0.4914795001239679,0.48517880634832694,0.4878267738453093,0.4889711479854119,0.48716123530719996,0.49627563592027846,0.4906059619083596,0.49059874514145885,0.49540704064397056,0.4919590493787239,0.49747244123244433,0.4910329252019918,0.49648094247895846,0.5030632859533164,0.5070429895770463,0.5028763785296511,0.505981634542928,0.514586191682099,0.5162594375463577,0.5238606471717524,0.5354502532682189,0.541315123107898,0.549516652077947,0.5666671033344934,0.5887529901005015,0.604493867477784,0.6338399712186917,0.6583887276203857,0.6981897268229011,0.7327874018968659,0.7576568574337847,0.7966292494958407,0.8272750028762402,0.8614525382214756,0.8965599254217054,0.9137393402277434,0.9323281874488127,0.9415534748778625,0.9515847907736721,0.9344963766151145,0.9316762073862979,0.9147492707547815,0.8888668264690248,0.864655911294816,0.8334695703932943,0.7913973074576145,0.767004021832845,0.7220874509186805,0.6974337533905405,0.6636077413862743,0.6341733341483115,0.6102337921701545,0.5904893112699261,0.5736131788949487,0.5556788424160546,0.5459332124080527,0.5349030496264514,0.5261579969453025,0.5215818731110622,0.5161213566629776,0.5148602904839349,0.514730729174263,0.5116680486920402,0.5155012334852812,0.5014957466424861,0.508268861514653,0.5057319681704675,0.5070825030751491,0.5057459847552067,0.5020790694305175,0.50207140249546,0.4982933885638839,0.5013258259282299,0.49279099250546865,0.4996826656682752,0.4961879865281357,0.4936820040526923,0.4933116056555999,0.49237815587579004,0.49557505247967193,0.5001923008227933,0.4929418809224546,0.48635904454077306,0.4886999979361701,0.4875697517678175,0.48149750760418913,0.47919858943978966,0.4814845965589878,0.48277717343482834,,24.54
ECH075,Fructidor,N90,Pluvial,B5,11.64,9.97,0.4446955123937751,0.4473538520281931,0.45072851607368525,0.44900867884034285,0.4543635449501143,0.4542196865417817,0.46275814102940555,0.45209194561711963,0.45878226975720543,0.45989133713460856,0.45732758340718127,0.4617329184103931,0.4647613730890586,0.4637245897861908,0.46854772242364273,0.45879680272362217,0.46371465526988287,0.4715536415143879,0.4707269936363747,0.4704499360986406,0.4733403269497484,0.46467785585073645,0.4735755824083822,0.4751172852892258,0.47065756202461817,0.48120481423076383,0.4745634628737008,0.4680272485639734,0.4763543317964445,0.47362976312313876,0.4798371510818906,0.47851307700283846,0.47557732245129747,0.4823560067107393,0.48112206163766563,0.47625575625752875,0.4787058026609987,0.48113202798071925,0.478922386905001,0.47948977317360963,0.48117213199732717,0.4785985353947953,0.47610786734709754,0.48497188140447933,0.4804007021812619,0.4864702437438201,0.48857692511084383,0.4952277662048486,0.5101259877697341,0.5198428293979651,0.5349735248363892,0.5511189659122285,0.5768218270439792,0.6080936961108206,0.6391094086441397,0.6773916295305354,0.7155927329605833,0.7501512214711129,0.7819795416937777,0.8181182129573785,0.8470112348864879,0.86406367684095,0.8730853911220541,0.876332992662237,0.8733081075820688,0.8452153179139945,0.8195100417567664,0.7824897140187822,0.7532925895752298,0.7137481690269349,0.6755475102177925,0.6413414324416301,0.6034790071915521,0.575490970694159,0.5576302737317214,0.534920077901341,0.5109796243077293,0.507209508767434,0.49531395212115037,0.4933781727325932,0.48739111194351564,0.47780821149992625,0.4816895904460356,0.48005461494617946,0.4795133936789998,0.4794494674160445,0.48169976186967844,0.4780586296512679,0.4765604619421131,0.47965189512432915,0.4826775878182415,0.47845270780228377,0.4760979695256205,0.4765635798352436,0.4758404058072794,0.4749630221811559,0.4812821005542473,0.47248546427240906,0.47824432140125445,0.47459903702707207,0.47095145773127955,0.4755578097361948,0.47565329546028,0.4808031861538975,0.48193599670796383,0.4822583832327978,0.4947735639411191,0.5003857993782517,0.510722884283423,0.5180064763112147,0.5313717269789131,0.5509447080124225,0.5678542251356691,0.5942140814324708,0.6209231686267622,0.647766773870264,0.6857447586833535,0.7189530152291783,0.7551160193234673,0.791916750207205,0.8276707698661996,0.8509715496672684,0.8774592145047971,0.8952226043896487,0.9072443910144541,0.9127435540549871,0.9111006558335278,0.9031816576932034,0.8852793560040173,0.8581264482627875,0.8374264552680158,0.8052362771439955,0.7665722804212757,0.7391938656294735,0.7033512045549815,0.6703885161727933,0.6428575577154786,0.6156162726280261,0.5945249951910956,0.5740140372298205,0.5562653931310865,0.5380472821633394,0.535239822802634,0.5243710056085576,0.5215581708782605,0.515911473467651,0.5098185868362697,0.511165896810341,0.5065234416852008,0.5045743106934422,0.5020380644332983,0.5059396360089718,0.4971610498818316,0.49665621708185403,0.49210594082588927,0.4960384660698805,0.4899883242496495,0.4880367058153115,0.4854500941126303,0.4845967887856368,0.4779327621578626,0.47211778454171216,0.4772879028767735,0.4665655538443874,0.47240369008709726,0.4714145834701299,0.46312502480791645,0.4643930788232812,0.45731287372363544,0.45910299218004563,0.4498976468616942,0.44118521215708667,0.4451155822916177,0.44762420824382054,0.44132570606521376,0.435475110382279,,22.04
ECH029,Apache,N180,Irrigué,B4,14.2,15.02,0.4473207194332305,0.4562525420166405,0.46908941268803633,0.4789910913290246,0.48033352909878446,0.48318844157651136,0.48680096188112,0.48908415245423514,0.5011562464456973,0.49658600304550804,0.5048555399832841,0.5032956852576468,0.4938509537562206,0.49651009068351765,0.4955483385839017,0.4961135519915915,0.4948474345527738,0.5026797684338306,0.48919559594273027,0.4919837159430547,0.49218231198717977,0.489539230876554,0.48924896682472807,0.4852942681055412,0.4883562899791746,0.48923379507868064,0.4883557127038853,0.4887260253743655,0.49082894122017623,0.48888184041881494,0.4856474654954934,0.48115031512579953,0.4819610264088429,0.48206208855447064,0.48230992183465177,0.478835401753405,0.47608648837067163,0.473886104315972,0.4710263335517225,0.47382984218796015,0.46878182873783836,0.46905442752414145,0.4701014228428901,0.4670782237988258,0.4728955939265241,0.47590069475653196,0.47569954334172565,0.48204501297236413,0.4940031998018008,0.503047824909994,0.5201288356095083,0.5484612941377812,0.5754271011012135,0.6080474470894529,0.6476515959074796,0.6817904810666995,0.7373205933227,0.7805953604328549,0.8267521791810538,0.8646234719824658,0.89613652579795,0.918149625358132,0.9317901064845605,0.9292690472679379,0.9201215206773957,0.8887859601960307,0.8583838018680772,0.8253610383149214,0.7719690041073084,0.7258460578916827,0.6771993042248865,0.6367693496334742,0.593619197245847,0.5604325720772301,0.5341918045379909,0.5056401699361934,0.49122867048184593,0.4768735429760189,0.466812580061685,0.4562747241705591,0.4600677999829563,0.4496966443054282,0.44491476923867324,0.4395642348568614,0.44071984811185955,0.4444780128714631,0.4447485877667882,0.44361890975335977,0.4411891497373739,0.43476699462876656,0.4397264852849219,0.4342921274701135,0.4333220614445786,0.43828878170411506,0.43895358529101797,0.4399461285344309,0.43864071195407217,0.43875248207453316,0.4343576415348061,0.4373689249054125,0.4338561246083099,0.43352409503438727,0.4435659506263451,0.44179523286914985,0.4505969476722213,0.456828046918983,0.45922265668121254,0.4730018799196933,0.4825351458877923,0.4959873653352513,0.5231764526268621,0.5474282018527373,0.5786430790303885,0.6222249804310379,0.6531176668049157,0.7048145494143943,0.7503690437908274,0.808244096555595,0.8594642769836732,0.9117530290429712,0.9567422712081333,1.001015888806396,1.042551492040146,1.0724552649279613,1.0854611039681463,1.0868100312913895,1.0842968250739562,1.0729437054991264,1.0378515379993631,1.0047251088236693,0.9536303646076771,0.9060044990602006,0.8551774713860124,0.8006866379506561,0.7442455640799424,0.6936338345259998,0.6522499081968117,0.6106439191222405,0.5744367119729937,0.5433413205144598,0.5114350818345461,0.48793543832824526,0.4750174660034935,0.4588995999547741,0.4427272524195914,0.43404099201304075,0.4321187266873048,0.42519000029177745,0.4219143320708312,0.4223619931525921,0.4192032032074817,0.4191380389794361,0.40787476892977015,0.413145972118107,0.4133085937372603,0.4055553629962296,0.40711881571402303,0.405525817578911,0.4070771598587838,0.4108524778727775,0.4109801775207393,0.401396545679159,0.4043278819783778,0.4033143929680327,0.4016713796147446,0.4005567134072084,0.39910330022702256,0.4020684895823161,0.39910875768226867,0.3913988688328022,0.3957274233999456,0.394761865511891,0.39175831614163104,0.39292119458381275,0.3887901680464501,0.38751259237260616,,19.4
ECH030,Apache,N180,Irrigué,B5,14.21,14.65,0.45423056509808646,0.45920130655926583,0.46430660881995184,0.47858752701044716,0.48181051624511884,0.48565804757439746,0.4888070195953697,0.49534799669337,0.5005364805746327,0.4973136866208349,0.5011721120337145,0.5044131956212143,0.4959581120487069,0.5010131667940203,0.4989205213161692,0.4985729550049147,0.4961100654219308,0.49665538789461894,0.5007164444509922,0.49281364190814725,0.49367121517392465,0.49797076887275415,0.4896945383136255,0.49628602316233283,0.4904558145609437,0.4954394470204769,0.4920090975752371,0.49031294533954217,0.48875928318695133,0.48655021731883374,0.48799562386539796,0.48967217947517117,0.48601246568697376,0.48403456780173004,0.4830333287254817,0.48544696209581406,0.4847321815088019,0.4775744145120106,0.4760607293268093,0.47772159200595427,0.47978719919221136,0.4774783665050142,0.469492344572584,0.4722544268665509,0.47094449804026456,0.474910536625729,0.48429419734365825,0.481384628761495,0.4900754447440922,0.5055915662183404,0.5266937050610451,0.5506938481721652,0.5788002509357266,0.6153868897835627,0.6462453548179441,0.6991038659085201,0.7413684223296206,0.7919051273721308,0.8312366694400383,0.8760365887654396,0.9101362531548612,0.9365010011553991,0.9403074715571192,0.9446583934882038,0.9282821113813776,0.908435330692743,0.8748092422543554,0.8344572214642841,0.7823873392215664,0.7382135842373354,0.6915395294513011,0.6372527678359886,0.6030086275270303,0.5682688934572734,0.5344815529940927,0.5070718686864762,0.49415046612851893,0.47287729603460377,0.4648915592304085,0.45730153835709364,0.4539110098823172,0.44597089400792034,0.44313436233216025,0.4436897514884823,0.44519951169689814,0.4482089652855037,0.4362296700979413,0.44125047046898624,0.4366851728534737,0.44269362771080556,0.4365453553629621,0.4370815754253143,0.43709928639565876,0.4384189167962725,0.439423471644048,0.43975076247691813,0.438189522318987,0.43421954899211507,0.4405405902844148,0.4385649702557323,0.4428973485811264,0.43844078494298494,0.43756275728802574,0.44497471200185534,0.4528872818430251,0.4550051187277373,0.4615021673532977,0.4696442126825298,0.49082296029490236,0.49947753084727703,0.521686054804818,0.5516255536006948,0.5754936779461781,0.6212498441566641,0.6607284641324226,0.707562113577569,0.7562676000961128,0.8063192655990947,0.8567070744660662,0.9115653402799295,0.9580616132496447,1.0062159884689537,1.0436620996492183,1.0730633546859283,1.0866330747400077,1.0937697502633392,1.0838667337671313,1.0656776167569064,1.0403788762224437,1.0005469812110668,0.9579714787128584,0.9042000197485817,0.8518635883987592,0.8025260302548247,0.7502658238708562,0.6941042752630908,0.6522367397004077,0.6063558598765497,0.5707839899132483,0.5429685191079763,0.5142002435980447,0.491965712472812,0.4773660521841664,0.4552931438192637,0.44333308458492693,0.43556526747799235,0.4304442427432433,0.41919903812955517,0.4218888608485784,0.41800515519846454,0.4197488446899138,0.41665401174771644,0.4122922048416281,0.41455678338060686,0.4137711965197948,0.40818162345522696,0.40793130526405796,0.40167224999376006,0.40401478963004384,0.40398929266427736,0.4053552190296461,0.40119554625317444,0.4013715705049362,0.3980966177314802,0.401126822016851,0.40071174834109036,0.39944334708447166,0.3970558982011043,0.3911595546182425,0.39266880191700276,0.39203514164067343,0.39075869816179376,0.39088881853057256,0.393620229971569,0.3904447624967426,0.38369664549206695,,18.62
ECH032,Rubisko,N0,Pluvial,B2,9.4,9.64,0.46302856492086397,0.4645823188706602,0.4603623566022775,0.4563352489930725,0.4514462726518549,0.4538612920096454,0.45568208933201515,0.45419862200192845,0.4545142779833868,0.45357508023625276,0.46131766160343907,0.4527813478510802,0.4673757634218854,0.4784319801534392,0.47097515957735947,0.4796818730179948,0.4852651048101372,0.4886302751103099,0.49759639960071467,0.5000355159304926,0.5028174952318176,0.5080828185449184,0.5086589916467205,0.5206710065140769,0.5137438044749189,0.5157085509448682,0.5115415112972779,0.5163529128798081,0.5225362987461181,0.516035496654509,0.5143848763238339,0.5216640407420635,0.5263036215362472,0.5228741152679023,0.5222386362253327,0.5181270664562395,0.5254807697610945,0.5265072844639813,0.519572106125761,0.5287339111860276,0.5280981240570877,0.5297859499367581,0.5289344163477859,0.5302771492102943,0.5315310543128472,0.5349941339458799,0.5304366056175792,0.5363667577623208,0.5455611222590749,0.5566854945959757,0.5704281991740486,0.5857168793319008,0.6071254800829761,0.6298373840238747,0.6497073025122496,0.6816526068305502,0.7086653332032735,0.741196375117291,0.7719025749218795,0.7867108821942738,0.825223870769117,0.8342451978736164,0.83766584614322,0.8438801648447172,0.8274408578909056,0.8116227187243603,0.7860185350520253,0.7637586963420385,0.7266547397603477,0.6942358439053377,0.6645312947777801,0.6315107086403383,0.6011606180623273,0.5796022674907504,0.5624967668364771,0.5380855368491884,0.5231291486841958,0.5119371354530267,0.5065420645991727,0.49406814741689775,0.48992039942485194,0.48229257939049286,0.48045844400634397,0.4802825977056338,0.4800421025066864,0.4843170869989158,0.47976088960503294,0.4748482938772217,0.4750853476317334,0.4813082666614777,0.4806926261542685,0.4777280857633268,0.4768390373784871,0.48224786454431195,0.47677570055392093,0.48198553632723057,0.4888512789248532,0.484048715185799,0.4826958454016262,0.48806372725455754,0.487500921957343,0.4871489307149365,0.4963019447475622,0.5010103388159007,0.5009592673990187,0.5060063177683423,0.5107911514574257,0.5213789548239757,0.5302642021429486,0.5413773773251488,0.5652352287873621,0.5790986281377786,0.6007616315766315,0.6263227796416213,0.6537966962832048,0.6809235088883606,0.715974358749061,0.7488590787300327,0.7859782538187735,0.8199546744082467,0.849976995983036,0.8758801374324294,0.904274838726309,0.921253710635344,0.927379826685353,0.9383354741735765,0.9358517796081023,0.9292693055159189,0.9024092487819791,0.8779514788798376,0.8474804928679374,0.8192618634736784,0.7850435469313097,0.7471240484285705,0.7146973737124797,0.6765257485089665,0.6548578609031818,0.6223165833531972,0.6003226502601541,0.5752917803654576,0.5602369807857733,0.5466077804926431,0.5356168596732727,0.5276760761436765,0.5231463057324389,0.515260358659628,0.5114873488713431,0.5094887512573769,0.5041714071102891,0.5002234477367847,0.5016313876692515,0.5003698317865061,0.49782781077672794,0.4903674697266054,0.4911269659193429,0.4917849604698214,0.4939228120155433,0.4904961899160426,0.4929397740525928,0.49243078076239993,0.49102205573445457,0.4899622993992336,0.4821365154071988,0.48557751894970624,0.4811694072505586,0.4768876379619522,0.47979606146887244,0.4834375453720744,0.47963213149908596,0.4830721526024647,0.47630205612664417,0.48184884342027073,0.4737571310612395,0.4719958637324992,0.46677951585990946,0.4726247525173518,,19.13
ECH017,Apache,N90,Irrigué,B2,11.19,14.51,0.4315265205344375,0.4361800437571362,0.43349136853983,0.44103941903581145,0.4460977336516287,0.4471975655509061,0.44911835751709617,0.45141591034116185,0.4522272833077085,0.45755531210730116,0.4645850235471717,0.4634611193282861,0.46412022209823894,0.46822399265322767,0.4731339981625654,0.4741409008867554,0.4793263729358064,0.48190721900771694,0.4853140546631298,0.48904855890753385,0.4897022878290024,0.4856404449009816,0.48724035835020496,0.49100095195099286,0.4909143428878373,0.4896503746635523,0.4922941230293199,0.4925072590070696,0.4919889057639066,0.49289989503865417,0.49700439256377943,0.4934798216048705,0.4995165977743588,0.49165473174613444,0.48915730089600457,0.48878830995654493,0.4881830970592038,0.4872762828102972,0.4907137965348844,0.4804651707866938,0.4841649354143207,0.4809565451063772,0.4746491046932074,0.4811595900951605,0.48282498402601404,0.4776220597806534,0.482724903308177,0.4819931203106288,0.490212752319048,0.5069391592225113,0.5157601828827477,0.531245164940529,0.5570362162466402,0.5809663883843681,0.6113989920904535,0.6486507221424086,0.6787066231082465,0.7157412583309113,0.7537310243496911,0.7874029560596854,0.8137523298810906,0.8260647477413665,0.8400060039591292,0.8343562680638308,0.832078505645669,0.8041880989533613,0.785021032508501,0.7467986779540977,0.7189160110670672,0.6772578058349974,0.6354964866714875,0.6021169216085672,0.5744452549342202,0.5477012756117827,0.5211111067747336,0.5025286191233237,0.4897163451485675,0.4763709896390432,0.463547954333332,0.4587828402486764,0.4575247911345131,0.4574041804114016,0.456505672036741,0.45256331499411706,0.45010145505433663,0.450792325591415,0.4460360124410659,0.44718006518364584,0.4448388345679967,0.44327697443404773,0.4477606588303567,0.4470704224142116,0.4483456191348453,0.44770718241005536,0.44660765503121663,0.44739836063588156,0.44550850705149353,0.446875298652409,0.44359900820613263,0.4472386949030594,0.44879793311819355,0.4458948557670092,0.4498025617554019,0.4503910142427477,0.4544719907533273,0.45801333339916406,0.4725095744847093,0.48172283079279776,0.4929873091915309,0.5137390869902089,0.5278389074338949,0.5626848948923885,0.5830133726793396,0.6196120845015807,0.6577004184594437,0.70448413157815,0.7539437157086544,0.801562705403572,0.8585571622318547,0.9042955538141869,0.9517561275279334,0.9905268588675948,1.0297751621333397,1.0545931096104888,1.0694895236796256,1.0742771125489727,1.0785881460262783,1.0527207431465433,1.0219195816392748,0.9881812370463884,0.9470582600109737,0.900726501462568,0.8496325595810817,0.7978997414810295,0.7426823690689622,0.6967724358243523,0.6478415745929342,0.6077427283567004,0.5708632373937468,0.5390952213193457,0.5198046273549255,0.4972115768142533,0.4807286138137724,0.46414938736613365,0.4556113730180245,0.4397162696673573,0.44127577649665517,0.4344302820314038,0.43214620461276115,0.42862066430912477,0.42234489212888465,0.41906300436936483,0.41996022704337765,0.4225187595487727,0.42173952522537506,0.41447942375671265,0.4145897615143979,0.41432729978987765,0.4143892818633778,0.41033081181321585,0.40909292169965644,0.409819003641577,0.4114503867794093,0.4065378642874701,0.4086009137692892,0.4109733830252174,0.4027227729306942,0.4048205362962049,0.40730774588634006,0.4017546362049229,0.4000473267731795,0.40400124611967675,0.39831873284407937,0.40126221790545,0.39793251621715164,0.39430016944398205,,
ECH077,Fructidor,N90,Irrigué,B2,11.49,14.59,0.4932024989264114,0.4963515517515819,0.5006749959259548,0.5068125165012948,0.49997912456150295,0.5020010259100359,0.5059382135578206,0.507714927191292,0.5090514526088956,0.5056040963539524,0.5076567087344888,0.5109857643994842,0.5151888463228643,0.5117249047786384,0.5133872625605207,0.511365159466559,0.5209959915968765,0.516806707091976,0.520488708697917,0.5182302868752068,0.5192549061730538,0.515329809645389,0.5141829956466318,0.5251682770918719,0.522396603471988,0.5235040507165929,0.5198323282793088,0.5215373569772337,0.5280728454574494,0.530718139659556,0.5242181674478246,0.5286535079350627,0.527739518585777,0.527312557175852,0.5337108906219511,0.5272558482377638,0.5327837187529008,0.530648420660064,0.5299109034693561,0.5345805047550894,0.5319325466856702,0.5315423561845722,0.5370273580037294,0.5381509425670896,0.5402162451888483,0.5281648230214071,0.5457855980638422,0.551656697595701,0.5599667204562109,0.5740697499906263,0.5889218773833659,0.6103287285818476,0.6322417217618496,0.6669352106363275,0.6984773536977432,0.7349696389182674,0.7742320084698081,0.8160868312956124,0.8538934322560268,0.8847631852525543,0.9161526942010032,0.9336178072227319,0.9491277185176722,0.9465374493522536,0.9308214866502553,0.919513936321576,0.8778761962610964,0.8515667642227841,0.8091041734814959,0.7767343617248652,0.7322051142299524,0.691641475277002,0.6593124870045024,0.6283765731205982,0.6046658994855083,0.5842722368383363,0.566950996510274,0.5577087772024704,0.5489027331645863,0.5380855550802122,0.5313837758334202,0.5340157160288077,0.5324356781063591,0.5315037191609623,0.5299203400510479,0.5322513199311776,0.5299880958864532,0.5346213880186239,0.5355418528848537,0.5206673265030392,0.5190790720653159,0.5253962229957253,0.5266960394346998,0.5247406587616864,0.5268921872553892,0.5238265082533269,0.5224769956742181,0.5229529491196376,0.5241573583081419,0.5276936133069164,0.5244433877866395,0.5262586588253919,0.5307351444463443,0.5312586717982323,0.5392895050643314,0.538913704580636,0.5461119737101746,0.5609321957099132,0.5749564250363671,0.58869902408498,0.6172720846766628,0.6458524759784036,0.6702665934844558,0.7140532409857315,0.7451047296039376,0.8028672885289901,0.8483122049544429,0.9076609773218198,0.9566756127895463,1.0132395926306925,1.0618415534309626,1.1092170982036504,1.1536050165670606,1.1768784888965758,1.2020121360531932,1.2014776126632447,1.202222869962007,1.1764537310005672,1.1534377433025298,1.116472311497772,1.0791273617221049,1.0262373746837612,0.9674918287013494,0.9169156739835951,0.8658234941110939,0.822213852305067,0.7761564995141642,0.7318045105302856,0.6951340052101755,0.6682460029497351,0.6371197799727775,0.6210230413107549,0.6041308178578407,0.5891861337288803,0.581220638922522,0.5727790730598707,0.5682929700809649,0.5585312404598037,0.5611118998793533,0.5597573343686353,0.5554662158647967,0.5543538570476719,0.550344950448859,0.5514500868070661,0.5469829260352973,0.5412227869286802,0.5448529342405456,0.5350538209376299,0.5382090483866869,0.5334622349678825,0.5303885622509751,0.5292480266875732,0.5235035417130615,0.5239876926786934,0.5193817943784867,0.5140805389410658,0.5166479371673575,0.5099468665537628,0.5079390042995996,0.5070406691094222,0.503779506966577,0.4981619131531004,0.49242359450513057,0.4860249695732706,0.48799644234626505,0.4878067505496326,,
ECH002,Apache,N0,Pluvial,B2,8.24,10.08,0.3980868807686329,0.3983994592760022,0.39918003451119405,0.39231606614101355,0.39495840609673755,0.4002868093735438,0.3948988853891219,0.3968036167606027,0.4029038290519548,0.4087279036908425,0.4109368987220663,0.4203035292751654,0.42486831739090863,0.43120826560416337,0.436956836706764,0.448937984372303,0.4478807272410123,0.4487580284658641,0.46546067648922146,0.46466561154108627,0.47119884687825875,0.4790484672765414,0.473953102169804,0.4780483417771773,0.47946974829018374,0.4838228269433924,0.4889582359796913,0.4901926029656571,0.4900208395062507,0.4851602621233048,0.48235027778900796,0.48903927185159396,0.48680542576682956,0.4887252692852771,0.4883922114730563,0.48548325494347216,0.48600422084991796,0.48297168005061,0.48237507857935946,0.4771550213983192,0.47725186326073277,0.47701187102022563,0.4777200912492151,0.4732517619407216,0.475684352261085,0.4737542509842205,0.4756629524631893,0.4813512299991016,0.4775156057184598,0.48645340307511997,0.4953826948965428,0.5053140434342642,0.5259980841382047,0.5492649165184383,0.5681774872724723,0.5941213369811222,0.6228836654589059,0.6500778053638315,0.6713128098173735,0.6983834359079467,0.7132337308947256,0.7235579542066993,0.7308704935188511,0.7277271844102855,0.7219465270652196,0.7094362642369811,0.6932762810597359,0.6721844590663659,0.6363703121442904,0.614090352353336,0.582522638687681,0.5613336313877971,0.5361974072981129,0.5107424195991663,0.5018590419347003,0.48325791037818067,0.4723966989624365,0.4622822772397779,0.45717044490810804,0.45578171270792156,0.4506234243069985,0.4498572511032833,0.4483451858714227,0.45010069753466464,0.44431946982154596,0.44034107059018446,0.44753280446881855,0.4429796096423209,0.4470110060386321,0.44454049810476437,0.44273850194090086,0.4439324035849909,0.448504168944592,0.448659630182638,0.4424318750982286,0.4425259647334979,0.4451371731099987,0.4392986381251043,0.44285989808966203,0.4419550089590997,0.4433622063832194,0.4406193908883073,0.4394884993823232,0.4397809477218697,0.4452059516026943,0.4508139647047181,0.4563217795771694,0.46975222615945955,0.4761046827510039,0.4812440378828885,0.4993881511562554,0.5145303454474891,0.5357220810724447,0.5614554940585879,0.590479565620736,0.6183981345402324,0.6558963169759563,0.6842305423792088,0.7232182997631266,0.7658583083712894,0.7915257420062358,0.8244332157166497,0.8447920067323152,0.864537386856432,0.8738473209177668,0.8770696428440167,0.8709382603495147,0.8626027920208,0.8397349825205224,0.8191540805511087,0.7903827902166901,0.7546758446890293,0.7170847113701906,0.6829871483656422,0.6449627227732351,0.6146108667847744,0.574708652715398,0.550653135244898,0.5205289047884158,0.5003434286199404,0.49064871253170406,0.47414635893716295,0.4570596367233212,0.4449469849042868,0.4328852936188518,0.43418089319520903,0.4384642836189406,0.42895215393238195,0.42320738077362957,0.42410311352090035,0.4162632745422707,0.41858108775134456,0.41849162132676215,0.416778917942324,0.41832847537618517,0.4159497294485867,0.4158985673566703,0.4108093256741281,0.4145422084679018,0.41569740984579573,0.4068459500935632,0.4060210625237804,0.4116001678309792,0.40590793337885006,0.4095630111066609,0.4028741303690583,0.4073979973880976,0.40223979211093225,0.4014143292440468,0.4041104702352734,0.3970906126117203,0.3940957014774787,0.39430068459285317,0.3957155101366966,0.3883588637115319,0.39365239023687487,,22.44
ECH070,Fructidor,N0,Irrigué,B5,8.95,14.16,0.47250224628103044,0.4677922894181934,0.46343412734326345,0.4590545182725141,0.463400063910194,0.4619578426131183,0.4579720820601911,0.4632792672132033,0.46083572980300114,0.46509356792665557,0.46647143807519476,0.4685921722064496,0.470402466505458,0.4774279138163741,0.4852801563991296,0.48624845821641133,0.4940876135465803,0.49435854687408465,0.5045194403996581,0.5073445257516311,0.5066285182959593,0.5129705925623551,0.5194227703527138,0.5154332568892067,0.5182070340384408,0.523088455104544,0.5312853159433367,0.5242112925461603,0.5288554140605505,0.5291247409917956,0.527416878648941,0.530403131319993,0.5292254843954437,0.5300772035689237,0.5266948286462206,0.5320916573411284,0.5353182313330138,0.5332318009368644,0.5367695173197377,0.5357029301170799,0.5343119371762811,0.5332598734538747,0.5345517958219108,0.5328093184957391,0.5381541523895709,0.541895187386743,0.5501847613933082,0.5516662174868394,0.5544322654074382,0.5620330183369308,0.5779028377047881,0.5963773582446914,0.6122079257543125,0.6369695912052548,0.6605605528667886,0.6916879152568406,0.7148615644781324,0.7549266865149551,0.7759722660478117,0.8078713537939501,0.8261172160727773,0.8417847241234097,0.8492415771337027,0.8506015054410181,0.8431148760017674,0.8294612354535623,0.8088120071898715,0.7791534605289395,0.7538596846699014,0.718300284834925,0.6909093165668018,0.6603120306396201,0.6314108758771241,0.6109334997312663,0.5927902247332987,0.5755977736596333,0.5646105312615698,0.5565095472433864,0.5467814486520934,0.5328797428958129,0.5430874198755603,0.5346014346763445,0.5312550906506242,0.5291304436816467,0.5306384921195688,0.5293435385280082,0.5283556199277162,0.5281480106294195,0.5314674670553444,0.5356871068527476,0.5317970628525437,0.5324583228842147,0.5277285250684551,0.5289634885567193,0.5297442667160263,0.5263420469587683,0.5269621695121034,0.5308181044972531,0.5316867239462817,0.5289977246445725,0.525909241729563,0.529765909338635,0.528131699466218,0.5353719290840177,0.5397976058024858,0.5436748409622574,0.5526834487300119,0.5632032659562777,0.5757923942858384,0.5881302123781268,0.6118765874441852,0.639424679396567,0.6734779960855398,0.7035871242515916,0.7466879933911325,0.7928069711099006,0.8383963694097752,0.8937239703007476,0.9461125640304133,0.9979804031673705,1.0436369336283124,1.0927763667368322,1.1203056565771055,1.1562490581534124,1.1698066766060287,1.178174213783831,1.168569367535745,1.156461550239016,1.1324988464264127,1.0905020252323563,1.0518224643654803,0.9994232319941718,0.9559021945729378,0.9036426967304501,0.8559727741937334,0.8183464316643401,0.771277350499332,0.7227666747735156,0.6945778685027528,0.6661245406898273,0.6383798280822985,0.6200955794840288,0.6045720961997534,0.5873434594102239,0.5788003746067985,0.5752284381748236,0.5696138148570259,0.5631254122163142,0.5597508837612772,0.5593826722319608,0.5602180849777305,0.5554410157833889,0.5587162298820122,0.5499090235246906,0.5506313929471419,0.5469127684340999,0.5475104808993483,0.5410129939888175,0.5465938920249012,0.5330459511986195,0.5404364677483351,0.5326154020663345,0.5309601329313208,0.5301856257699442,0.5255759751029091,0.5175952586448349,0.5183482861937608,0.5189112916390559,0.5074225277849775,0.5132448743542389,0.5048948303160594,0.499340652176194,0.4949272832399869,0.49397623105275634,0.48589748373596053,0.48771757263817667,,19.11
ECH079,Fructidor,N90,Irrigué,B4,11.76,14.37,0.4871237018036867,0.4863511543855823,0.48358378934342666,0.4831169230542741,0.49736332571997516,0.49324765817086946,0.49173718249556636,0.4956844248178629,0.49291851030467354,0.4958717068808014,0.4951240606917935,0.4947659406559279,0.4937265319880876,0.4962606464915933,0.5051056045760294,0.5000448176442146,0.5055490957732096,0.5077282110464256,0.5057964371896532,0.5057137188500965,0.507845245488091,0.5070068745440928,0.5126526222803518,0.5154280810901424,0.5148787817304237,0.5047786910770422,0.5105994205645904,0.512573136387166,0.5145730228631029,0.5085981760297444,0.5091192721489038,0.5188129417078957,0.5137321958759459,0.5114393202524612,0.5130594530940514,0.5179908746336584,0.5147872199048938,0.5184122115483272,0.5151990411194193,0.5133964570604593,0.5234911971425641,0.5211735923317141,0.520026502663258,0.520968583356364,0.5291242214762548,0.5297097232356944,0.5359972104051092,0.537341623350798,0.5482707458114889,0.5614624244113136,0.5744647919095844,0.5959329827561514,0.6191577921490831,0.6514287338105034,0.6798850395049993,0.7226763666851241,0.7612061471804794,0.7994321664830846,0.8395124011228381,0.871260483654707,0.8983589145832391,0.9218683207910563,0.9322571832396153,0.928845020020257,0.9180707175131277,0.8991771500234769,0.8698033933773314,0.841595277320045,0.799605480706632,0.7586968763677833,0.7163149445581821,0.684002189543662,0.6461270499939851,0.6164871784178891,0.595894067536558,0.5744679670273742,0.5497864646912556,0.5445531020275239,0.5362613716389408,0.5282333019554047,0.5250344864082825,0.5158623298200486,0.5105666543656794,0.5146159964935114,0.517351266699694,0.5061036272528278,0.5127187082741274,0.5090728821646784,0.5137778827423618,0.5200875710734331,0.5132973940940863,0.5133802511069128,0.5159909245008223,0.5133270135140184,0.5124351222185671,0.51571807103578,0.5142750958765766,0.5137438011835859,0.51262748283334,0.5123914308406354,0.5168889485990139,0.5142981381551566,0.5208213986580539,0.5167008322659217,0.5280620119932856,0.530677945547419,0.5338889386202379,0.5483968865383008,0.558093585197324,0.5769916881784768,0.5964999176870718,0.6233232269719446,0.6573355080087961,0.6920104202393471,0.728032868597534,0.7736983126010055,0.8269136794855566,0.8788272255647268,0.9284118749675979,0.9869444100919231,1.0334110540824832,1.0728649443906546,1.1093104118929467,1.138728194422093,1.1561684122430371,1.1676224055526783,1.1621315306560693,1.143540738307465,1.119536276246861,1.0852241683513764,1.041128168848155,0.9953048343873196,0.9460546862382124,0.8949654954776566,0.841285441294018,0.7941412073342061,0.7514889950005658,0.7108635751111001,0.6740972168907953,0.6511097010133694,0.6255751636837006,0.6005109296676724,0.5878497928440684,0.5755487402339751,0.5670739218272285,0.5560361795369977,0.5497780305984196,0.5513025794545496,0.5420033140381548,0.543412693674775,0.5410342765373211,0.5397529515475962,0.5390621220419459,0.5412550454526084,0.5297260527494296,0.5350897240133632,0.5227081997306716,0.5320523349431955,0.5192132950820707,0.5299751343394469,0.5186878645500644,0.5208035629441632,0.5171628410603323,0.5095011844273357,0.506573835877613,0.5019457147313691,0.5036038759778765,0.4967541229814273,0.4923649210450182,0.4932604965195917,0.4858265938266442,0.484454741112257,0.4827503394275064,0.4775607043213048,0.4751500737196865,0.47844859737018575,,16.72
ECH004,Apache,N0,Pluvial,B4,8.74,10.08,0.3919730519060345,0.39740396349587775,0.39320732108586337,0.39049296189985755,0.39311038585441754,0.3973004771844649,0.38838288029868473,0.39291159377235274,0.39770986578112233,0.40882490092501567,0.4100755076815086,0.4170340114308177,0.4173926107435794,0.42394583194921076,0.43536982102433686,0.44097281397458227,0.44909447758491233,0.45326223143620104,0.4606370390212808,0.4657576601549924,0.4725337557142386,0.4769368725279985,0.47335700016503507,0.47456896587852504,0.48682750196609564,0.4893493077988799,0.4841822695720885,0.48266170140629217,0.48911983058937325,0.4918252338269421,0.4943055770483485,0.4900505953530095,0.48672022899409145,0.48426791179406,0.48590348506692677,0.4837337652840366,0.4802203059598284,0.4879500452427383,0.4856389108974515,0.4821572319786448,0.47449541954823704,0.4784512344874099,0.4766560066999233,0.4752791521190777,0.4774670845641144,0.47618983056583614,0.4781803141079252,0.48103574134308896,0.48523309943532117,0.486330854184757,0.5022441018278688,0.5138657272329608,0.5287166881705049,0.5581404400262924,0.5820853991065932,0.6074495700049651,0.6323236162783668,0.6642130205001082,0.6876607228176512,0.7128641119784926,0.7291086694166374,0.747755710871916,0.753877808476584,0.7492957073568911,0.7449275909521014,0.7296620506605225,0.7141335988443734,0.6857341179051615,0.654524572512943,0.6254883945245324,0.5954893780928584,0.5670149404241284,0.539247894603205,0.5201085721732571,0.4998344607177643,0.4832398720306996,0.47659836790459226,0.4670810388945286,0.4537065084652163,0.4537158466351252,0.45352064233276995,0.4512251044986633,0.4494023056480954,0.4452484629416284,0.441759130970042,0.440437184604218,0.44426236112172285,0.44399656675842863,0.4464049681262225,0.445559380331665,0.4415989090171055,0.4380124821365802,0.4405486388307628,0.4419313644115088,0.44046498197487904,0.43915620693609414,0.4415093063869397,0.43916472690231606,0.43881788313722975,0.4418112162224274,0.4400652322870686,0.4427141955916386,0.4439581717075914,0.4414920305329547,0.4460674615198958,0.4555169688176467,0.45281233432585394,0.4568001725243042,0.4665582919127932,0.483763935412638,0.4982211210564231,0.5154723682274447,0.5406386235334862,0.553707535744857,0.5910986856039873,0.6259025844330954,0.6516789153650628,0.6894572966675822,0.7244736910533602,0.7594967698185828,0.794539074225909,0.8295656191932448,0.8555858305757237,0.8676482654498736,0.8857810305788839,0.8837951954240667,0.884573603522508,0.8668682857764052,0.8482018395502597,0.8233537065618841,0.801262652153844,0.7601697673589108,0.719267100407511,0.6873720277594385,0.6470470734949011,0.6120103998324619,0.5840771058245536,0.552425654221309,0.5275899555673976,0.5047620325218826,0.4871536398921598,0.4720707153088924,0.4525380266644266,0.4504222427291753,0.43767285033459963,0.4302249948470233,0.42969146722888923,0.42650381323727926,0.4213638982082325,0.42372296276989724,0.41541223935102983,0.4167202760972062,0.41488527250731555,0.4153248867858216,0.41520204874936706,0.41028416604601803,0.4144414418542549,0.4114214585308346,0.4045138278185556,0.40325841627854364,0.4080254521915932,0.40630937778878945,0.4055524852899147,0.4046494239001381,0.4042607811643607,0.4052580664634785,0.3978934335252308,0.39650350389082306,0.3955136487096411,0.3984166430990768,0.40002365793532496,0.3937169814724701,0.38621198591570305,0.3872957610179516,0.38858454339015336,0.3880723547391825,,
ECH036,Rubisko,N0,Irrigué,B1,9.78,14.27,0.5050157119191252,0.5041991004503705,0.4976130532386695,0.49693345079125817,0.5021027951677236,0.49626869118207756,0.5017989924461088,0.4961193875783417,0.49747174601327876,0.5015716863990822,0.4945468764271721,0.5068486421028949,0.5103807196295846,0.5197499667053871,0.5232527134187216,0.522158468935154,0.534462608802267,0.5349629816167297,0.5377747256492142,0.5454588289662212,0.5482268176295668,0.5569813128828671,0.556481076700148,0.5587506455855252,0.5631238247655226,0.5656437241907922,0.5663594091036189,0.5696561747522452,0.5684015763340754,0.5680832111232244,0.5721625422135305,0.5689245998767961,0.5699589354186151,0.5756130467951094,0.5758444354136021,0.5714375078543262,0.570549081882818,0.5767243817691751,0.5751566801439894,0.5741454545872441,0.5727416159229284,0.5753417712242953,0.5751508455674333,0.5744661537264307,0.578665461217606,0.5817417431441738,0.5836845011151209,0.5930141764825455,0.6017836918549491,0.611098375534141,0.6208140903707181,0.6409964305778006,0.6599702073308255,0.6809954931423495,0.7153469997196575,0.7453527607424235,0.7861147600374214,0.8164387563407581,0.846419236193064,0.8737527608478455,0.896763765795499,0.9093664861944717,0.914832970205355,0.9159958322860631,0.9079271304223868,0.8827839667301158,0.8613461294205244,0.830678357127858,0.7957392688551987,0.7578792929763932,0.7226685120456907,0.6945733798864164,0.6601126210632794,0.628897543339669,0.6068656925147372,0.5874941801625041,0.5695251966476942,0.5570791669209914,0.5527731283409635,0.5411158365108146,0.5335230167156298,0.5324938558584156,0.5298413455086382,0.5212215516687978,0.5252669128225776,0.5267047771057607,0.5245367104225975,0.5292646890921019,0.5259919512511747,0.5264944183311894,0.5306854319015816,0.5249133825249372,0.5236884521897596,0.5268799446583957,0.5232348764667901,0.5263833266946373,0.5254648794927117,0.5301668856202558,0.5288319039318428,0.5308464541393952,0.5366575259954985,0.538028891942206,0.536373627033205,0.5424263929629743,0.5492121124262451,0.5574643023201311,0.5708620944494289,0.5823412091575869,0.6000676629532531,0.6180201635105004,0.6421269169777126,0.6686241237013912,0.7003900731547916,0.7412195034188247,0.7838824278394312,0.830004060564,0.8841202970056973,0.9271260698871702,0.9879583836134831,1.0414770466694487,1.0962085121347314,1.1424429345731322,1.1709009553220564,1.2077252871973567,1.217507718760376,1.2235111123908793,1.2202182796363776,1.2023439156141627,1.170307715557949,1.1393598888063041,1.0944534235414132,1.0452452096321552,0.9872895223055208,0.9339299415528903,0.8802852011345781,0.8342566522229158,0.7732524068125944,0.7360641785358739,0.7012429936478097,0.6655276129629493,0.6407074933596443,0.618602285305766,0.5988207790787049,0.5865511447177437,0.576966565758813,0.5656850681051949,0.5584068558522338,0.5542402487119608,0.5508945246792578,0.5427650099871079,0.5470780878584134,0.5424932444103207,0.5460850671203074,0.5427246158134689,0.5432353345698487,0.5355373044774915,0.5363383357678042,0.5326216131180836,0.5331296815290917,0.5378885503045818,0.5374669324555901,0.5284143808586095,0.5293186606278553,0.5292792116424572,0.5300582618789721,0.521795085231112,0.5210182997957064,0.5260290918811535,0.5174266410541924,0.5206280971219557,0.5211312905047037,0.520550972059108,0.5175208837821578,0.5154746363519729,0.5177160175718162,0.5146336007986825,,20.16
ECH082,Fructidor,N180,Pluvial,B2,14.43,9.89,0.5045762278623253,0.5119334203255845,0.5181594937949181,0.5197345186780435,0.5265255260734603,0.5259326036915611,0.5315628577686211,0.5358773929969397,0.5350027041977794,0.5326445848923487,0.5327584044848473,0.5352308524396301,0.5268458439022824,0.5247234522769775,0.5264550124113964,0.52024775986632,0.514094365575221,0.5195011857857946,0.5093602581752097,0.5095660558678219,0.5061568309584376,0.505342811618007,0.5021720980829647,0.5059100537960579,0.5033602229886801,0.5055183007549401,0.5005144262134005,0.508706389056152,0.49670793130437013,0.4978928884808558,0.5082138362919448,0.5047365292990823,0.5047311530639664,0.5054107242255674,0.506247387809719,0.5058517753748537,0.5024761462993356,0.5082610602714062,0.5082518716321169,0.5110848048574164,0.5127477112725903,0.5093218187592186,0.5058858065819325,0.5166948324462127,0.510993966863595,0.5189878466581829,0.5228877386772691,0.5304252597334721,0.545157236640813,0.5586015599635682,0.5790248170202377,0.5999158063912594,0.632398929602477,0.6669124115353527,0.7102451825791403,0.7564369360289678,0.8110075428416819,0.8539443539985972,0.8955588426831373,0.948471287987948,0.9803390447818341,1.003220724187872,1.0150307292275063,1.0133711209604856,1.0090371370976843,0.9784977603577247,0.9381687805815009,0.90176460510828,0.8569424883642179,0.8043083749116636,0.7522244344692988,0.7057865476959668,0.664178885708036,0.6350006963110623,0.5994806611127295,0.5696145647860626,0.5560348488318726,0.5401671854608168,0.5271335639821739,0.5172621203904826,0.5113698232988504,0.5138387955379036,0.5086148059968207,0.5074862636504317,0.5055564009511138,0.5049630963312994,0.5019763856387112,0.5023150808555508,0.5060678159450668,0.5065102355339126,0.4983251931567348,0.5011120743684602,0.5040158877671231,0.5069215495258054,0.5064191693823515,0.4985140329837567,0.5045998834863855,0.5008931704765542,0.5038971735295777,0.5033301706612621,0.4976008327102919,0.5037938092304379,0.5063667388430915,0.5051198507319112,0.5071122874387808,0.5069113068272628,0.51886877630892,0.5244081796529559,0.5301391657698689,0.5436108949734888,0.5596760333272152,0.5754313715415914,0.5985135325220925,0.6182472427196762,0.6560316474790562,0.6836868078772169,0.7145881528529434,0.7465086246632276,0.7936518224193438,0.8283116891922029,0.8613284027789688,0.8938792352571866,0.9196034087133506,0.9372515926799383,0.9485096290019549,0.9529699676847987,0.9525672584166273,0.9449195803692133,0.9227917594322111,0.9038036079737748,0.8718887064780101,0.839813628307505,0.8117415254774405,0.774692523729773,0.7406006481228233,0.7006918839505248,0.6796947614059876,0.6459823742190138,0.6220449570382046,0.5962182656561539,0.5870073622284337,0.5692253833985279,0.5629159682940692,0.5497926757520176,0.5522128871570308,0.5435720468591377,0.5450416439434504,0.5322822100125812,0.5377407553561945,0.5257988305270717,0.5301435696548522,0.5260045232474582,0.524908140877568,0.5229619604020617,0.5198911451943491,0.51682012797885,0.5170651934932856,0.5163626922577457,0.516963519352449,0.5116640971911401,0.5114467535418229,0.5005632326412746,0.5006505078313451,0.5009552512457618,0.49666601512574327,0.4898283235216705,0.4919696826026093,0.4843274199123354,0.48035760872303934,0.48094871219368307,0.4763475850328347,0.4716561444032993,0.4685144238285772,0.46400807014056183,0.4631411044389445,0.46482220885685704,,19.95
ECH086,Fructidor,N180,Irrigué,B1,14.72,14.43,0.5256377395843962,0.5324404061336112,0.5389453851167103,0.5432896792503589,0.5487457051068528,0.5519093785549001,0.5505125863658019,0.5503290722923351,0.5568258668238655,0.5598602132510508,0.556438121687443,0.5597868861473819,0.5538208625427676,0.5554020139674474,0.551805073469518,0.5483386456313613,0.5383823914815182,0.5389620838307291,0.5397174029614282,0.5343070980023238,0.5329487975494647,0.525296654625555,0.5337704379665664,0.5245539137465175,0.5201862369466645,0.5246438548854833,0.5181235613663666,0.5221751389517001,0.5332235581291134,0.5246401556201826,0.5218111081659312,0.5265394788463492,0.5241729229881266,0.5298804431645074,0.525046032580997,0.5289567034249683,0.5251362293879415,0.5368195110127592,0.5310108790154159,0.5296109256601217,0.5298481158064778,0.5299763516402842,0.5306445458220431,0.5324499428114136,0.5426407974412062,0.5400517001285465,0.5412655102807609,0.5525859458812986,0.5705288159037469,0.5826864608154693,0.6035664796516422,0.6335087953070325,0.6596429274066147,0.7018550796360692,0.7415063468407571,0.7933204551390638,0.8413598581010817,0.8933421541750345,0.9459318968012064,0.9900322411308939,1.0236090570573697,1.0484574053779878,1.0679912768521116,1.064827985853383,1.0482980156937183,1.0214803168036648,0.9899355782350862,0.9426336905827953,0.8921415464842137,0.84120047059574,0.7906941600142703,0.7412036187571528,0.7012196798993026,0.6632029441242973,0.6288590523503759,0.6051854665710159,0.580406226838182,0.5666159440351458,0.5557768969149139,0.547290328408382,0.5409571348962828,0.5359404300656725,0.5370911891848054,0.5276994250719723,0.5275728601861793,0.5265190691408306,0.5254374808012177,0.5201109635191568,0.5298313652969985,0.5223138928007972,0.5256205679967735,0.5205873651378784,0.5264758886683084,0.5220393546313621,0.5207980873053245,0.5246422753951988,0.5218761498844837,0.5222760231384692,0.5246872238137664,0.5269737155052636,0.5228550913114136,0.5235536970065664,0.5284902695761701,0.5328597909208866,0.5397035857369004,0.5378196166466315,0.5479094152925117,0.562863051872244,0.5789483533081371,0.5875599471199654,0.6102204220210481,0.6403561368087717,0.6694803447128277,0.7062936965331904,0.7518700057392503,0.803068036653723,0.8456251883922011,0.9077780742262146,0.9562661822131914,1.0127971668539264,1.0672506502224406,1.1089451085689337,1.1452548558511375,1.1773322615271087,1.1931054324428954,1.2021380592105897,1.1950954311979143,1.181926059993392,1.148201105537355,1.113222885062203,1.068583862688202,1.0239348444379603,0.9677235436740317,0.917462792091185,0.8643654131132117,0.8228056954703246,0.7698441711630821,0.7280296947791094,0.6968048812484717,0.6705216257427371,0.6395958505651176,0.6190289288827173,0.6064288270851693,0.5922261142397496,0.5809147752981391,0.5703584131907158,0.5678163304744522,0.5581083552490985,0.5570590523137189,0.5606338938370018,0.5580679012287215,0.5535145306859789,0.5445288791016444,0.5447813576843864,0.5443639722901129,0.5437497673001579,0.538220322719354,0.5387757582710835,0.5421985399951434,0.5353293829336245,0.5318761272894729,0.5251397382180333,0.5201475235815765,0.5181715663919051,0.5135497958635644,0.5155052121751104,0.5131036892402336,0.5057262123655283,0.5057509842792935,0.506429836206765,0.5046557276047153,0.49790965331256565,0.4919556905009966,0.491650461308788,0.4905279951736707,0.47757237827240423,,18.62
ECH047,Rubisko,N90,Irrigué,B2,12.32,14.26,0.5137282954102314,0.5122284639141804,0.5152776488934584,0.5202813970546295,0.5168398904712984,0.5212992266228659,0.5143388637326386,0.5194582535790222,0.5220854691416182,0.5288836046234393,0.5183226029392426,0.5249798231673409,0.5306811911207641,0.5249749668504079,0.5276862227985089,0.5302900738227864,0.5307935283948592,0.5358571328814558,0.5333994016618588,0.5369054869493258,0.5326840707793276,0.5323579168941556,0.534690938762595,0.5326523963894735,0.5383145976290801,0.536413332226451,0.5362348456946943,0.5403975745681465,0.5360937842611331,0.5424315316445225,0.539251715975787,0.5447022619898704,0.5405566673697876,0.5441127020668975,0.5432112578291135,0.5453362024525138,0.5438481355678453,0.5389340357873648,0.5473668154864902,0.5445346442409554,0.547714822251465,0.5481360403456559,0.5447548790414176,0.5458054994104512,0.5527026609088017,0.5530562879642215,0.5614737057961332,0.5648190222490413,0.5777072594441562,0.5884351962131916,0.6044422856778381,0.6233014476749537,0.6507506277387063,0.6840936240584936,0.7152832411538224,0.7555893527625145,0.7949372547283993,0.8363787908352918,0.8805665413269936,0.9141648286524029,0.9393601692522017,0.9596481139899357,0.9665585880345697,0.9667592494198156,0.9557767625795865,0.9347533638653874,0.9031328439167187,0.8596552061576558,0.8238046032640453,0.776710079192297,0.7305579436363985,0.69636724305381,0.6592606079897357,0.6227095065820156,0.5960021360579714,0.5730118738200789,0.5562683902897211,0.5396421519275768,0.522232172195149,0.5237468003803135,0.5145727374309736,0.5051540903203321,0.5001361486990308,0.5021980413784705,0.49798797891958935,0.49846574197436266,0.4987592319355013,0.4942082913054677,0.49221492721208854,0.496622321500838,0.4939918540213223,0.49636876405843056,0.49243972462355756,0.49644527712724956,0.5002667147851844,0.5010468639219141,0.4981643357722387,0.498534394093719,0.5038372398690216,0.5075178803379077,0.5094714919073074,0.5096373416657459,0.5156497682061351,0.5237355590869192,0.5254963311758736,0.527175147289167,0.5418509958395565,0.5590084662775979,0.5636598245094754,0.5858266436777383,0.6073811020677354,0.6352391999252007,0.6673186302341504,0.7069524987021314,0.7454456190917403,0.7950678710669361,0.840476038575364,0.8917097836771147,0.9434647945898528,0.9916708667803755,1.0465053184517674,1.0952102828344885,1.126604267009225,1.154520465381529,1.1681246489442378,1.1743320293908368,1.1722202897935405,1.1582998324371774,1.129434297699208,1.0911566933113663,1.0454599385138303,0.997450872327352,0.9429803514145146,0.8883049715377861,0.8375155772596627,0.7916912680255676,0.7449241116355979,0.700102267267586,0.6680378385110832,0.6359120052015498,0.6070226140044926,0.587732779159925,0.5703435742476222,0.5555360977677075,0.5492930575002005,0.5324262233302124,0.5257865351741189,0.5269041534176542,0.5234980138943239,0.5215956263194559,0.5165548920725708,0.513636297189936,0.5148769754552398,0.5122727722150409,0.5170675871321355,0.5103274852533444,0.5100620658967154,0.5165831153698147,0.507507585746423,0.508686371144388,0.5078686227082009,0.5070184114556331,0.5045682592733551,0.5031372178114539,0.5016926616385764,0.4984797866224334,0.4999808587243524,0.5038676001480074,0.500172378009118,0.4961926050863516,0.4965712909603659,0.490102273916542,0.4906179627516275,0.49291711894279633,0.4931942138842126,0.48506505258815763,,19.3
ECH005,Apache,N0,Pluvial,B5,8.01,9.76,0.4037448159513359,0.4065178469639829,0.40026063667078343,0.3990048391328069,0.4028683389017983,0.39733971276456387,0.4044178849913113,0.40572207161405366,0.408033811287898,0.4171841163900637,0.4153152663468959,0.42883974724136564,0.42803337772794503,0.4313377156765625,0.4420670651765281,0.4453665362669295,0.45295723169682534,0.4627488975098397,0.46917220796313075,0.47109242207343854,0.4808138597209514,0.485618120066345,0.49013688274268197,0.49049499932327745,0.49549606067322466,0.4877174880196943,0.49385692485910987,0.49320174215516693,0.49673906103532056,0.49487597695062396,0.4959725018996279,0.5017084086678871,0.4948896184117011,0.49575629485673056,0.4927448899035148,0.49243660596808353,0.49086667886743485,0.4907361478790258,0.49136877489320135,0.49127845613300564,0.48576416673616923,0.4852096335673078,0.478796562480324,0.4811258411668716,0.4838561677817827,0.4840107612838844,0.4834423105985604,0.4882231897105839,0.49155001218050043,0.5003734185442177,0.5069320268559265,0.5172398585675951,0.5347383329373396,0.5435765836050257,0.5751381726120036,0.5871066331308896,0.6185116315719722,0.6510535994915779,0.6761132021998756,0.6935978844576114,0.7132564280309875,0.7323831946031493,0.7332788156675977,0.7409691294886687,0.7267896286506101,0.714141359704403,0.69843845297716,0.6705233321786719,0.6410485294895377,0.6165707619508872,0.5899696966039214,0.5606666425050859,0.5410537231666013,0.5195693458723823,0.5076853646979511,0.49123990662571215,0.47938969115803054,0.47154662928485963,0.46627464520473105,0.46289024878311286,0.454781545506451,0.4523674286819984,0.4572140550022069,0.4515538375198306,0.4477555211624574,0.4527638410541554,0.45238231352914354,0.4460419391256984,0.4510138160204128,0.45225291252450117,0.45090823762963544,0.45143235595908676,0.44508565597595495,0.450065920356993,0.4479564384524418,0.4472335277351238,0.4511517420929074,0.4528988938336862,0.45386108510914713,0.4525831524107942,0.4486818358473728,0.4507462651928518,0.45309533260630125,0.4528577364779028,0.45538460818671456,0.4610133328870191,0.46326514758220266,0.467848408610562,0.47744987065291417,0.49169822081139153,0.50372084508136,0.5217741930465647,0.5431523891525256,0.5638350879345475,0.5943742132562772,0.6233960604710183,0.6511528278410544,0.6934103686070006,0.7223863829308749,0.7530651856567827,0.7870046416889039,0.8157435009721989,0.8428367704531838,0.8597508302895611,0.8705432243041428,0.8768913109576432,0.8718237697669973,0.860020116232247,0.8416559853756899,0.8176441947584214,0.7800429835890912,0.7523959359533493,0.7120310639343523,0.6830904180579833,0.6479481127242024,0.6176959604245595,0.5871513191593767,0.5562209694710966,0.5294501298811974,0.5111590998388991,0.490203180102655,0.4769755237191261,0.46792534073287323,0.4537085203785455,0.45025827371903143,0.4440052683251689,0.43457112527196634,0.43685014476501255,0.43329427317857744,0.4293449765013723,0.4250001007072616,0.42323932076124954,0.4229223594893007,0.4250021772959002,0.41941911676158866,0.4225494697244819,0.41647958018798387,0.41856283893623714,0.4184670812445596,0.424423696597138,0.4118901291636713,0.41935353046195106,0.41428306032482426,0.4139433219164771,0.41192130940295535,0.4117372800251424,0.4087595842977744,0.41238146178882606,0.4054301911432552,0.4089587612936513,0.40237414501457974,0.4028550239473342,0.39853240653488897,0.4018105251978986,0.403463324772994,0.39756441480310545,,19.91
ECH039,Rubisko,N0,Irrigué,B4,9.29,14.07,0.503193585485986,0.4968377348771091,0.4960755602012411,0.49189327116844495,0.4928443899634172,0.49199310233435056,0.4887468129955029,0.48828026535757557,0.4866740724129664,0.4891547080544125,0.49106760214399503,0.49747154563355617,0.49757383165735186,0.5037406913707642,0.5021185339982692,0.5193521843888,0.5184970828846875,0.5253442507233356,0.5329050031687151,0.5336418634698256,0.5408875219900572,0.5362229354976517,0.5501134312433895,0.5487532163743138,0.548318835405517,0.5538342182002316,0.5476327279534235,0.5516080223844367,0.5579386178168955,0.5489703851027754,0.5570841081109266,0.5577222789146286,0.5626695639310747,0.5525791253765866,0.5626663582167816,0.556623100735983,0.5573897258423741,0.5554713233028774,0.556274263829425,0.5611677315865581,0.5570971956587711,0.5632496944992538,0.5598424696470932,0.5593341189216302,0.563055351342827,0.5680863829811496,0.569773120589596,0.5757194349844748,0.5846521499391664,0.5951804412773437,0.6032752133662161,0.6166578470046792,0.6391803735723175,0.663136494275054,0.6834521494244011,0.7139701030319127,0.7449622001302413,0.7772553746098475,0.8049677757129224,0.835544171792759,0.8497969883874523,0.8645181709141259,0.8751964939379037,0.874290569212344,0.8607534135953436,0.8458986824723044,0.822583171677571,0.7937060447565415,0.7632621436076255,0.7273827188598615,0.7006783437884323,0.6663011365800342,0.633758871504483,0.6112102164720014,0.5897339099041952,0.5751089566163796,0.5551845895211456,0.5478314065641763,0.5367565882039383,0.534292544937828,0.5285248703315146,0.5213478660348757,0.5170388700694961,0.5171421239373384,0.5134314313401969,0.5177953838962543,0.5121194445995945,0.5100897036157892,0.5096079048881584,0.5072621595616859,0.512704151726878,0.508914849237575,0.5152079146766122,0.5087643417519936,0.5139409942317854,0.5181118094296416,0.5094977686711529,0.5235100266746165,0.5179182384504052,0.5216463303581573,0.5253370523800437,0.5286894710164065,0.5308746580522523,0.5374616337309553,0.5416029923887162,0.5524192290231561,0.5577330976095835,0.5735148904875632,0.5847367837111376,0.5945366862663437,0.629743229546526,0.6466320989351517,0.6840946479447564,0.7158663679328479,0.7599244670031956,0.7999405269790761,0.8526338735709666,0.9010446312234827,0.9583551176584695,1.0057027243089114,1.0549212214229904,1.0882502629960904,1.1300482670361216,1.1583012400602675,1.1743543044426754,1.1821700735432599,1.1724887489731202,1.1570302015308482,1.1335905686759025,1.087600301990474,1.0535592185112947,1.0030858240466143,0.9506505860499858,0.9027035472191127,0.8545056995781584,0.8054279788258907,0.7569423031598935,0.7193874078704088,0.6836206429779468,0.6500012950401818,0.6223020609666703,0.6011419745218747,0.5883167918806812,0.5719863797057133,0.5582786717100445,0.5481187109529955,0.5493775576925186,0.5404650670357874,0.5394645562359759,0.5394034677726052,0.5295731272328217,0.5316017786092845,0.529747694595109,0.5301077497188098,0.5315106871802746,0.5226969734003667,0.5273215857520697,0.5276468707891588,0.5229327445640602,0.522009995894213,0.5225938562029399,0.5212718555542879,0.5208644766853124,0.519661639743603,0.5138723933091418,0.5186098398770648,0.5179406178756871,0.5137806446662233,0.5075034390980858,0.5103870964065023,0.5100424797726868,0.504736505563692,0.5057846972234185,0.5013162419100803,0.5060305962820325,0.5033568063567626,,22.15
ECH083,Fructidor,N180,Pluvial,B3,14.51,9.71,0.5190429365676676,0.5209699644714816,0.5229997772746011,0.5299729276618103,0.5350500831699538,0.5384834346615414,0.546568401480253,0.5485745508669159,0.5534301243757249,0.544728748331879,0.5511773798928911,0.5497520806712077,0.5422261279495537,0.5417874931000437,0.5411929450421697,0.5342196057866709,0.5308863358320297,0.52641910031013,0.5184409925935708,0.5232464541498363,0.5187639245089575,0.5158941219522838,0.518981722536203,0.5123061390723763,0.5183414140831982,0.516915155283106,0.5140391497003903,0.5150153115576489,0.5117487364174578,0.5177960474600904,0.5164123537743242,0.5169943914660461,0.5181057533209699,0.5150813410414217,0.5128668807606445,0.5207133562142685,0.5203276592113375,0.5170868887401601,0.5203826528982702,0.5234581824967772,0.5237554928046366,0.5195213509054745,0.5179879198511723,0.5203137862086736,0.5260057307629324,0.5352604329773099,0.5343829143059017,0.5428542599659223,0.5539619889017297,0.5692517137157671,0.5904700918333222,0.611592296463824,0.6493065261829972,0.6819934857744582,0.7315724363480899,0.7666598628758512,0.8237320182496392,0.872486038662558,0.9143876577855179,0.9568755600577876,0.99007409054294,1.0147823051600358,1.030265441703673,1.0301993222157655,1.0123152949583203,0.9990717079464809,0.9563813442878241,0.914669293527476,0.8650395899038612,0.8165314989808936,0.7672493925824879,0.722050830943354,0.680101940838815,0.6459912253036102,0.613456136812041,0.5897920880615739,0.5678420852127669,0.5533970305099518,0.5406936569902473,0.5362545404153464,0.528440726926459,0.5230091834233261,0.5202088493608941,0.5186205531537506,0.5178102468301171,0.5167073847094634,0.5146016277817925,0.5181242979438762,0.5179549476949702,0.5205163660681099,0.5130796167529539,0.5166358671770876,0.5086708736790967,0.516663044773519,0.5096041575326073,0.5108483732423331,0.514670032573115,0.5117485268318129,0.5113796297735976,0.5123934331218392,0.5164511848714877,0.5121949990661571,0.5160075334523708,0.5168219790928174,0.523027922017178,0.5268028963306493,0.5238304641239367,0.5392832992484851,0.5432409219285305,0.557211423834653,0.5679936190370696,0.5894321840215978,0.6169097681005979,0.6340906574208605,0.6602032553515296,0.6918618243086021,0.7216632542675119,0.7656469376138979,0.7981301951151565,0.8293470550675401,0.8627778499590605,0.8958150949448928,0.9237546628571728,0.9367432972784548,0.9558842640802117,0.9571289881357146,0.951778425071848,0.9428393347157126,0.9322630271319974,0.8996624743838517,0.8736691263632589,0.8473439416237979,0.8117543182717958,0.7747181535861871,0.7465820737777741,0.7149734601699637,0.6836385689756977,0.6545251876712831,0.6320188068537094,0.6146728744065095,0.5935976058429634,0.5882763025039117,0.5788595633245928,0.5648333401649841,0.5603025292069557,0.5580026039739114,0.5566805579910287,0.5526953139456356,0.5406038913843609,0.5430093848435997,0.5437935301252788,0.5392059595770231,0.5444027598799525,0.5422128890375426,0.5330103654699839,0.5329437952051568,0.5289844044862719,0.5282787357318461,0.5256548604398943,0.5265091057661371,0.5181599629653,0.5100360293317653,0.5100349029669599,0.5086473041971974,0.5065903903036629,0.5059055731534654,0.49887153996386124,0.49524263316056905,0.4928672507139914,0.4891178952600055,0.4876535295467595,0.48443170929531676,0.48526142317099813,0.47726837846036907,0.476285076261368,0.47292635297015106,,19.3
ECH010,Apache,N0,Irrigué,B5,8.29,14.52,0.37785438873707544,0.3781866428882205,0.37684974052958636,0.3680849933461909,0.3736138083064311,0.3762442478168391,0.36945816573446383,0.3764641332015544,0.38021427089922105,0.38223162072520717,0.382096076529377,0.3918718872298507,0.39760794564663354,0.4042738858381153,0.4093736254178208,0.41612783226036987,0.42361602535992365,0.4310827834285574,0.4344851483291535,0.43934360448864995,0.44549171448881386,0.44352590950155385,0.45421352206952853,0.45570180570091523,0.4581935848612828,0.4628107214393598,0.45544652152372833,0.45632476179734943,0.4636166630578463,0.46297214268247666,0.4633907953291927,0.4611057623092701,0.4638560983727544,0.46382243931369055,0.46145837005878104,0.45805511860396936,0.4512239773747207,0.4584730417495963,0.4583919716096287,0.4552061864499417,0.44921578144366536,0.4525638742987894,0.45201094116844226,0.45331852802954686,0.44572208226471266,0.4480966843931895,0.45244062022080905,0.45312920068114554,0.4540864508599383,0.46530309810307463,0.47496333601429086,0.4855550236087526,0.5011344709166563,0.5180372359118885,0.5445129677639677,0.5610354534530294,0.5871720446790734,0.6145403037386328,0.6417001186822704,0.6565938283518877,0.67515289012077,0.6856360426335579,0.6982076498611891,0.6942892358515045,0.6891950084185028,0.6787192327417675,0.6558431217391693,0.635439820954235,0.608255636886333,0.5845156683689944,0.5575960895615918,0.5292463976812981,0.5083005037873547,0.49228339579845387,0.4737627134757328,0.4548732320106706,0.45033861896401556,0.4369049593862231,0.43825812045597007,0.4326184246251266,0.4272240368682022,0.424587395049757,0.42193362565652914,0.4235155796338632,0.4196054573714437,0.4208696337641135,0.42235493133214247,0.4177106026760797,0.41725304779981504,0.4152534910587092,0.4153966416664518,0.4128718285543443,0.42032623730089236,0.42335915424222964,0.42202736545914954,0.41272829611832557,0.41969307652731386,0.42178508691718114,0.4162836819613384,0.4182966388363327,0.4126053018105061,0.42049602850334633,0.4181785957788614,0.42447829166763495,0.4228337300771959,0.43426878566420046,0.44274447782475934,0.4467417497332736,0.45801490486890406,0.4707460254585466,0.4961741302113936,0.5194023596141429,0.5453939116826414,0.5851478712161695,0.620881191101399,0.6616949351542131,0.7094016398186752,0.7627242476027194,0.8105848232018205,0.8567191096347726,0.9044347697807421,0.9397083126773544,0.977140697605267,1.0029001378872615,1.016713860385055,1.0245101577981814,1.0150708883147965,1.0025640787596333,0.9765608561845764,0.9315829466836417,0.9025687020440795,0.8436576824948417,0.8018832891181793,0.756797682549002,0.703571434618392,0.6532178390449459,0.6108691042449351,0.5780013406084978,0.5346135248261897,0.5140501755927724,0.4854939588862139,0.46147663036619874,0.4466530696878946,0.43213582020691227,0.42746702097159095,0.41911719361920485,0.40570234702886354,0.40505385631506,0.4001872019012766,0.4039851355524672,0.39396747521295933,0.40115218595353774,0.39483800376059613,0.3902312919350529,0.3905774052074653,0.3891625191604449,0.3867360572780923,0.3898505160355494,0.38488865952475293,0.3810296073121551,0.38541688321444095,0.38011655313943726,0.3822202793883404,0.38068277874250467,0.3797112082334715,0.38722402372829146,0.38026840914965204,0.37969546030518775,0.3724729057918607,0.37466604682504867,0.37608330396786416,0.3711574686479042,0.37573370625657204,0.36816532239119043,0.369664292658059,0.3675019736073191,,19.11
ECH066,Fructidor,N0,Irrigué,B1,9.2,14.75,0.4476521916898898,0.4416331727357684,0.44441925098327084,0.4391287910726033,0.43884817972411205,0.4326660382607384,0.43517511058141034,0.43926883507043013,0.4400121075616054,0.43669155783306274,0.4402391660787295,0.44242388869027877,0.44753309325822527,0.4498679624623016,0.4585033518058462,0.46579841445612014,0.4665018026118544,0.4733871254194893,0.4775355769114012,0.48555708398384106,0.4843573078174303,0.48784859571676087,0.48999954033571436,0.4916875674048267,0.4988805666474204,0.4987506260161105,0.5008968221682079,0.5058899156458073,0.5071942243876365,0.49922669534959485,0.5069436878983938,0.5064059109691352,0.5049886045295422,0.5079337527287089,0.5022957478447935,0.5123457692487485,0.5099557753385686,0.5062516572356704,0.5075280975232186,0.5046387723016514,0.5093369496947423,0.5094889517850472,0.5078390113949036,0.5153725863318465,0.5186365390087226,0.5172711446490054,0.5200853104358235,0.5274478245130804,0.5331664312470284,0.539488658242566,0.5531921768231353,0.5699902981739748,0.5909331160880585,0.6131438377930176,0.6400275365173858,0.6638297253330986,0.701125565300477,0.7302176500239825,0.7676526674123485,0.7855431396990818,0.8095557897125938,0.8325814775026114,0.8326702834501586,0.8317559047507945,0.820746080773954,0.8125274659485295,0.7823335243510442,0.7601328428611301,0.7274017515069614,0.6969422035523656,0.6622864796650807,0.6413633784072278,0.6100144699948195,0.5840819580282318,0.5719963342544342,0.5508309405354277,0.5407822581351712,0.5326596393164168,0.5243595709867271,0.5111102704910881,0.5160603156949941,0.5110691533009801,0.5085857644350763,0.5080056864259497,0.502637524479282,0.5074225810856668,0.5022853047800231,0.5051481166484119,0.50615881816892,0.5086311296085623,0.5026911575250702,0.509261919877653,0.5075202769299871,0.5031830436513056,0.5009639286675763,0.4998194248176689,0.5048915192313012,0.5018893037191465,0.5078751531182091,0.502639805528271,0.5027077305704943,0.5073159003898586,0.5064285961359134,0.5113012643998013,0.5182567489138749,0.5212966132472855,0.529037170026139,0.5396264565862188,0.547446494288632,0.5709819671811249,0.5918959121537919,0.6205177729809167,0.6512345366219516,0.6856748188309714,0.7313791125166167,0.7740599543660075,0.8261338838405764,0.8774735101360738,0.933770362523215,0.9843063764003174,1.0404167454150863,1.0864042252460218,1.1206336252278677,1.1512661872896834,1.1602094133385727,1.1673990953578655,1.165874830426501,1.1507868272087463,1.1234379897889872,1.0834332090203282,1.048904094740957,1.0038158893095817,0.950054447796661,0.8973566043154156,0.8435779534001459,0.7916659397716399,0.7494294104192936,0.7151089865033453,0.6723481954229088,0.6418148138110576,0.621293966964695,0.6009441289444446,0.5784884495606175,0.5674359894685741,0.5568795035943324,0.5511512954266043,0.5486663295568621,0.5387419374174302,0.5412108842571365,0.535701239247046,0.5402422044216396,0.5323077621289471,0.5292272804243574,0.5293888064895005,0.5247134970624744,0.5182721810048787,0.520720414462178,0.5182999994192447,0.5117637161174051,0.5136471646808058,0.5048580221157023,0.5070936118946959,0.5058476357436721,0.50231042806727,0.4976310405714155,0.49541418361321826,0.490105593702227,0.48927544105492193,0.4862170281197021,0.4801712272355378,0.48054690878296846,0.4774540723665444,0.47316070849483766,0.47798368587146295,0.4674373410574448,0.46424278748999037,,19.58
ECH035,Rubisko,N0,Pluvial,B5,9.65,9.77,0.4988583653210412,0.4958638171803605,0.49344751776520346,0.4876893759177812,0.4866619125091189,0.4869134368758455,0.4913689222173643,0.48812828653634305,0.4878957368474716,0.4950065245115126,0.4987663606805264,0.5013849074638362,0.4991622972605238,0.5047880186209859,0.5165563581135042,0.5168080339036742,0.5202280563760724,0.5279766361927948,0.5333708332499918,0.5328191657408299,0.5389829088939222,0.5444779639037716,0.5411730850765648,0.5472464456087904,0.5460526447247743,0.5483018374341334,0.5511336390141142,0.555581678428843,0.5543095942866172,0.5542904302570595,0.5572166376989239,0.5543398697228595,0.5596996079181586,0.5623702314670338,0.559245136543325,0.559336521905979,0.5614922889149567,0.5546922334117143,0.5627889575891586,0.570905951639978,0.5617150650352316,0.5623314500966897,0.5657415543287361,0.5696206203762286,0.5693258728167381,0.5624493667260181,0.5742505203427498,0.5854533275527487,0.586782439923957,0.5911331483413388,0.608124093732469,0.6195415671987433,0.6468830867198153,0.6638497004777086,0.6939220640040967,0.7208970815342721,0.7533302960452237,0.7912212705213011,0.8174377164338431,0.8425137334857098,0.8626780424311835,0.8756669157535852,0.8847448382383448,0.8874620467613448,0.8801070933908526,0.8575797640151697,0.8393229138965794,0.8026826422583828,0.7710651052525683,0.73408303363447,0.7061656006966579,0.6771293480604477,0.6360378298097938,0.6142856422535412,0.5969283175245585,0.5703896601084377,0.5615551457638988,0.55176325134206,0.5392157790636994,0.5336637104199194,0.5320243879757848,0.5286225291274451,0.519616786865158,0.5159763355572365,0.5131495720147256,0.5176146073551475,0.5096943707498505,0.5124728029529955,0.5132173714097836,0.5113129153627646,0.51379133937396,0.5209803726368912,0.513451839327589,0.5132262670984359,0.5184730232373996,0.5172140429352153,0.5220544066555864,0.5196501758791785,0.5200249957192165,0.5172579488889881,0.5198634825686889,0.5216796928606297,0.5312477210195152,0.5295519457979646,0.5417324042436317,0.543421546487426,0.5492901137653041,0.5558418031274194,0.5706138041854595,0.5791070600491731,0.5940997676649227,0.619229386901282,0.638628144061115,0.662131033546667,0.693300652888907,0.722889664861371,0.757876007409598,0.789697782027394,0.8342823083488822,0.8615068027592555,0.900962808171041,0.9252339746221775,0.9528264596183826,0.9711173966665028,0.9838372738076262,0.9817369249871394,0.9835271973271844,0.974269393437323,0.9493725109084233,0.925600375556161,0.8944040882845737,0.8619088729264649,0.8329761693468637,0.7890259826196342,0.7539669248386164,0.7279983639416586,0.6938528777835264,0.6701653991861554,0.6376131029230996,0.6179402325975493,0.5975307139258895,0.5850259978949393,0.5671722471214395,0.5648936447756848,0.5562133102651773,0.5491593453695557,0.5435906474551374,0.5385454358683104,0.5406636955875894,0.5327928198957348,0.5360774670227134,0.539284773755502,0.5362274170899572,0.5260862896528081,0.5278952334559425,0.5297130850818428,0.5271981637451209,0.5221732784177553,0.526482695560698,0.5242388650684584,0.528937488725423,0.5213418859147626,0.5244931000124862,0.5160553952116431,0.5156202202221634,0.5196970321319013,0.5195915844010734,0.5122575383198426,0.513972747335475,0.5085085937530781,0.5108450869846239,0.5126181429376867,0.5075049828353019,0.506749762649115,0.5027797071660592,0.5028821791339881,,19.45
ECH081,Fructidor,N180,Pluvial,B1,14.71,9.67,0.5261316132407453,0.5308776118146626,0.5342082773619554,0.5347634235021779,0.5413122113678343,0.54706247494588,0.5495661610352607,0.5551917340178716,0.557912689161284,0.5553228693785829,0.5592872390023075,0.551276628287755,0.5511218402070323,0.5487677749175525,0.5492427245891155,0.5431473713478938,0.5400669232421256,0.5316468137161956,0.531075473565315,0.5345267730408297,0.5228281327680309,0.5312739579922688,0.527310577491928,0.52249264003839,0.521487273281132,0.5292032028404592,0.5275203899461305,0.522892667120221,0.5237712285565578,0.5216591005074698,0.5243133958420871,0.522253167533171,0.5244384181316185,0.5305218465791299,0.5252279903473595,0.5227967709132013,0.5222707551593737,0.5271922475030306,0.5250014677267467,0.5285663925488143,0.5236413372137595,0.5314722528819891,0.5274989885734609,0.5326883372862397,0.5342986821165293,0.5445333894055309,0.5457802039017057,0.5594517430037882,0.5668479459450647,0.5849897272697099,0.6004162410126054,0.6278609620751666,0.6621498063381388,0.6988290495210258,0.7408429640793824,0.7858893281496929,0.8368502307595689,0.891780391575002,0.94133748211269,0.979414110664551,1.0149313410686482,1.039970747614278,1.0583663729140962,1.0529561947211574,1.0447386860264047,1.0181398344005226,0.9786383827815668,0.9408178426902034,0.8825587815733559,0.8406423486173157,0.7859347262434767,0.7309122598018822,0.6985614780773033,0.6588836711920203,0.6228281675515543,0.5952668963200343,0.572970829925853,0.569239809465304,0.5475543664528176,0.5380848131592266,0.5367126789938952,0.5268725828361325,0.5260414067107765,0.5300876529076363,0.5272274138544782,0.5238078758521209,0.5244066014701171,0.5225638443213305,0.5233375693424764,0.5209251692986235,0.5211895926566296,0.5208389333955209,0.5202501410868459,0.5253324492893915,0.5243047958859213,0.5190210603564409,0.5181039406615523,0.5211530477136067,0.5281321514449742,0.5187785598523036,0.5217981941342933,0.5232902638607823,0.5238925351967132,0.5246596450083633,0.5321508892742867,0.5337983285609713,0.5401302178470408,0.546281102956904,0.5562624310863339,0.5699457311395485,0.5837221809916526,0.604491970748914,0.6224415984392943,0.6416261747880293,0.6744964962318162,0.7055576181160259,0.7432362913294753,0.7703684321228423,0.8114109293613487,0.843562621693271,0.8810119102250368,0.9092539781318907,0.936931891097356,0.9508110715623754,0.9699707226121453,0.9731508738356756,0.9701136402736821,0.965020625797675,0.940527084538539,0.919145617587308,0.8900158147775358,0.8584345915444515,0.830596884108954,0.7895720888580092,0.7537467169858455,0.7288086491884298,0.6925184521293635,0.6619297015341369,0.6411925337700167,0.6197928614891848,0.6015918988936452,0.5924551239307294,0.5826350217128166,0.5780414060600162,0.5699827307707761,0.5649821599265749,0.5568624854989871,0.5593627175929184,0.5586312854829494,0.5537551147848578,0.5521446549109991,0.5454504037083654,0.5507423382186764,0.5511579892128661,0.5448807400069856,0.540061137188309,0.5391161661556376,0.5359242540677354,0.5335201383074302,0.533806440116927,0.5298229650017776,0.5289979622040875,0.5239997725556248,0.5171155452513556,0.5149668744762318,0.5115021153600902,0.5093328044792655,0.5119760355833779,0.5091712134740883,0.5025611425998223,0.4971962100597369,0.48959904765741075,0.49125353038268676,0.4852064721511848,0.48953081297509526,0.4769680080992716,,19.73
ECH060,Rubisko,N180,Irrigué,B5,15.34,14.23,0.5509558591291528,0.5599247688202611,0.5585982540903867,0.5663568068823013,0.568402997412015,0.5738566157753762,0.582301974085363,0.5787389751654468,0.5838557187992458,0.5864768243730323,0.5812111529547281,0.5828767190421164,0.5794454283508459,0.5756604468813414,0.5746830485300153,0.574895623527822,0.5643813257926268,0.5604386425190194,0.5574986729510825,0.5610639796419926,0.5593394841020944,0.5525767661245233,0.5463822959557264,0.5497161424398921,0.5526500007766191,0.5503482980085348,0.5508637861686051,0.5487152922258779,0.5534370434766244,0.5516434895776714,0.5526701612684991,0.5517361161100955,0.5532104991433249,0.5534061554068662,0.5496430945004764,0.5539416527125391,0.5555908184696366,0.5570824972584962,0.555292618586111,0.5516384274260118,0.5527138567923898,0.5546770499060373,0.5577548491017332,0.5586097461306034,0.5582856913312962,0.5622484717006547,0.5651506582215855,0.5703701439695096,0.5908360610807002,0.613720688185545,0.632496810279147,0.6500136447238576,0.6851723826556696,0.7180950471088563,0.7618629571479525,0.8100120089750364,0.8635391006313361,0.914801810689464,0.9650197280081386,1.0099607305700304,1.042533799347359,1.0685210565851546,1.077385203552286,1.0752569777974617,1.0597889272880099,1.0386209979018168,0.9973517457462284,0.9463232710885752,0.9001362763041467,0.84277418141685,0.7982543688863102,0.7411393187035843,0.6990714977133705,0.6600546958724187,0.6197532083670005,0.5946996739326212,0.5735858463144078,0.5546635112510739,0.5419519515562538,0.5268015864042915,0.5250123660067003,0.5164575983819434,0.515021804081525,0.5138841132489874,0.5110802374584945,0.5086599212965194,0.5085279806812402,0.5080085450763491,0.5100648840746101,0.5053660605857967,0.5060797346309054,0.5087167112629719,0.5049830087825002,0.5031743911220017,0.509572867399409,0.5085740642025988,0.5068602494792527,0.5134829508037776,0.5180122109540531,0.5108586134611821,0.5212168658844198,0.513432928961235,0.5233960669423086,0.5345528207167654,0.5336499716840207,0.542035481438255,0.5531398547050514,0.5572329944298502,0.5771122210979887,0.5951391572826531,0.6226532565124077,0.6400054165280817,0.6740620196222858,0.7088816213874521,0.7498405291964817,0.801948611397564,0.8477842277795736,0.897491997994261,0.9498331701906626,1.0008722647566304,1.049250139556507,1.0898498419170972,1.128715604260152,1.1553944115608121,1.1709466568842803,1.1793339522172583,1.1738430308100305,1.1546169451579569,1.1288021276010438,1.0998139135477987,1.0567116634205957,0.9991014009232003,0.9484135422126223,0.8958705577584651,0.8509419253267196,0.7976744148892044,0.7542672740558671,0.7186286407002956,0.6765791162404584,0.6477334975176453,0.6210909524181863,0.596265610733613,0.583830927443417,0.5643106365453245,0.5601050335886166,0.5460205237882324,0.5400152370468108,0.5333770615466237,0.5302173303125631,0.5289074635634871,0.5207011267327492,0.5255280132133741,0.5232248002978069,0.5258274010331612,0.5235521005317088,0.5190542813208933,0.5187308603945036,0.5183455881185085,0.522449962091943,0.5144588929309448,0.5136860840473851,0.5113620043539866,0.5091852372258594,0.5134164095371228,0.5119483572832337,0.5140124681071049,0.5120935081063961,0.5149466923049104,0.5063012271522744,0.50449073825525,0.5001036862022549,0.5048093081706988,0.5017741983234149,0.502055900273863,0.4953534133825997,0.4984801802742711,,21.26
ECH076,Fructidor,N90,Irrigué,B1,11.77,14.22,0.48783080545201796,0.4972380408523203,0.4890600700445031,0.494854909919695,0.495349222198968,0.4921603345190394,0.49416268776878014,0.4996457118290054,0.4981598515284573,0.49985190875795665,0.4950196208364584,0.5029624833057271,0.5029000114027207,0.5028662506145589,0.5051363235383521,0.5037970754170806,0.5041951461830665,0.5061660240887903,0.5063942838641001,0.5151977916125076,0.512234960272596,0.5074106891231606,0.5172151300708931,0.5105710416216026,0.5126944247464653,0.5160077203163789,0.5080877932091157,0.5139418036280744,0.5135608279442512,0.5164968932436126,0.5175656340116548,0.5167708225511611,0.5171525887563896,0.5212146694290811,0.5193961547206573,0.5190684872765062,0.5198265827779558,0.5253264533670842,0.5207881934872702,0.5192245687567907,0.5156346542837087,0.5178270249419407,0.521785176171821,0.5243786151755477,0.525252207918188,0.5312051779928795,0.5331069656254772,0.5386603329026391,0.5523443228514717,0.5668546395980513,0.5754187343437911,0.5997466438182729,0.6181991541954005,0.6490624825097135,0.685622948010444,0.7282203772146623,0.7621269614683239,0.8021206191987263,0.843122729116315,0.8776075984814576,0.9033929322362662,0.9317436371359741,0.935335102670638,0.9363416499204135,0.9241894089623913,0.9064200936813198,0.8802984851575217,0.8468527943754466,0.8008855022193713,0.7661321568142564,0.7246032461833931,0.6882330951837771,0.6509234376962263,0.6208710356446033,0.5991591017132702,0.5787738666115636,0.5644620045299348,0.5479860911300171,0.5378506748882667,0.5241030157278511,0.5219104059438953,0.5222719394522848,0.5179010988933189,0.5221166786020863,0.514697745747123,0.5163919111079266,0.5159763094425736,0.5205651732897415,0.5147881630132923,0.5176759311319559,0.5166387575241619,0.5185133438070798,0.5181226464372571,0.5152596031172897,0.5100860758634629,0.5143357323932846,0.5148902139502834,0.5158241943529753,0.5129166308248846,0.5189344654671569,0.5162562460654526,0.5146185595604216,0.5178182885855299,0.5276835831840132,0.5277965031617663,0.5344325336133363,0.5356720862085426,0.5467756215356744,0.5599335624246515,0.5793287983893045,0.5992610425693686,0.6240026036503196,0.6550799275371431,0.689631101115365,0.7323112374441404,0.7815549855375223,0.8227355526392378,0.8798650696160445,0.9354558093319599,0.9823569456045069,1.029984978492543,1.0779957462388392,1.1089073945820205,1.1396542212049157,1.1543131531403064,1.158503194930836,1.1590060963749502,1.1399867301148656,1.11789643622612,1.0866428961538241,1.0471934123837194,0.9952046724364206,0.9483157419345353,0.8958474464887419,0.8437799049279164,0.7918598906242689,0.7588359748827321,0.7115665968933403,0.684509040646805,0.6526350227215435,0.623634067740728,0.607560260271116,0.597122432927626,0.5829039089291008,0.5672192787867192,0.5594005570500876,0.5564130128179189,0.5515308539239305,0.5524948154651593,0.5486218990155036,0.5392265707663207,0.5437847788760768,0.5400450389975321,0.5388389527243965,0.5375274249847423,0.5382980435010756,0.5354039704851882,0.5278303383593236,0.5273554530003755,0.5234895311778328,0.5169594365913007,0.5187298366551497,0.5215471286429806,0.5077533636530364,0.5096356401689244,0.5063191220993469,0.5041107682669984,0.49711758524311317,0.4925033198767952,0.4894454273196951,0.49441957358356214,0.48437878965545506,0.4827924921487301,0.48764159173464794,0.4762397918877772,0.476667451232055,,14.91
ECH054,Rubisko,N180,Pluvial,B4,15.02,9.65,0.5816642357471999,0.5859399185427221,0.5863714584828784,0.5963808000608819,0.5982203351703773,0.6042721882659148,0.6067719586383171,0.6101135423813491,0.6095671921524258,0.6128954629237721,0.6012696857472697,0.6085661037801661,0.609495242464742,0.6088759209166092,0.6024908922543002,0.6021959841144884,0.5944672449545378,0.5908972867329941,0.5896250552039666,0.5854767497135125,0.580942100674886,0.5799237586294202,0.5766909513863383,0.5805291643756999,0.5782208479139522,0.5766332511684827,0.5757811413583214,0.5789577513247449,0.579896863150788,0.5743900930663688,0.5742248874203186,0.5813106926230411,0.5747122550707094,0.5808855943010525,0.5845031999844992,0.5849175423111236,0.5826791147102359,0.5830041100116585,0.5880717243443128,0.5748137889924867,0.5810492609349031,0.5858356158079817,0.5834984373008502,0.5900410238845899,0.5889137462282129,0.5934499435443538,0.5980993032776599,0.6057226368695059,0.6172682947341968,0.635408696353292,0.6528234294421187,0.684109443723941,0.7153044898995539,0.7547901547294241,0.7918522249390948,0.8384269696034121,0.8946323948609324,0.9549867629724652,0.999488233645101,1.0381666519075843,1.0770215538934285,1.1030306047434133,1.109096101661475,1.1158901236962615,1.0960874818817992,1.0683858550923055,1.0299896752419937,0.9864055342502345,0.92852247948938,0.8712652879555239,0.8235152709758604,0.7654541250349656,0.7243155155417504,0.6880804982933443,0.6516903691884748,0.6245994272234877,0.6005117859235443,0.588049909883829,0.5654273620744511,0.5581665838391395,0.5481055973591219,0.5467677235577553,0.539700042964601,0.5421368354673786,0.5332943199838855,0.5376149124075749,0.534136280391003,0.5315844560035796,0.5329345863643962,0.5319777303128327,0.532384126435781,0.5310359041865903,0.5300966336826349,0.5319350302220825,0.5288151344344191,0.5374945431777326,0.5325458365370422,0.5370650950906918,0.5413288640987209,0.5438002736236695,0.5381369937535198,0.545723040633383,0.5503846379255385,0.5527877237561443,0.561105531041594,0.5601101122356185,0.5632859533014817,0.5804161249502702,0.5869924630210247,0.5963982166097151,0.6170897486103777,0.6402877430544682,0.6551995777982011,0.6918348776837218,0.7114902093652006,0.7464511703355136,0.7771474985434444,0.8171346830040968,0.8533248318482615,0.8852080796433068,0.9319314474953572,0.9521234474689416,0.977271994098737,1.0005789501728657,1.0148486955134037,1.0167316860301547,1.005702625259977,0.9981225255772024,0.9728458044882715,0.9559997162976903,0.9182169830031354,0.8869591791566686,0.8534793251174516,0.8182314369546992,0.780090700695697,0.7510606617733585,0.7167973199855568,0.6877630539661624,0.6567497367042396,0.6436568909360721,0.6176979765523438,0.6100684658039701,0.5985475350933034,0.5841430986012646,0.5779300260986769,0.5595357065977441,0.5635196116735933,0.5637919368372677,0.5604395429354978,0.5517743773939419,0.5527387590194734,0.5444870794562271,0.552005058720547,0.5439097503593029,0.5518190814971278,0.5508838188817515,0.544837613176027,0.5467515802528116,0.5434558171867909,0.5437385463099704,0.538459537409073,0.542638069839134,0.5346960721852921,0.5329582232113382,0.536889933285041,0.5354092147822916,0.535626948656744,0.5316089390876092,0.5379427870759808,0.5314771724080725,0.5303856447219304,0.5289529747560773,0.5300275732430616,0.5273884553875691,0.52561272283519,0.5251063349829842,,20.44
ECH072,Fructidor,N90,Pluvial,B2,11.32,9.65,0.4560860957193435,0.46166934035239565,0.46568847152261766,0.46030695355011164,0.46645622240803164,0.46916150002621,0.4624479352944722,0.4682765925184341,0.4751362957851418,0.47294142840227077,0.4667402858716251,0.4753703616531644,0.4721729969400813,0.47748773713472953,0.4743175153418471,0.47717855734800263,0.4766505094472491,0.47917334776829357,0.4783377154911579,0.4802192846585132,0.4781878341954618,0.48398555641849417,0.4838123404063553,0.4791836028179313,0.48773232901681773,0.4849186475438189,0.4866002024835898,0.48904942858529055,0.4883547161399389,0.49145330871741,0.4876391131488568,0.49215744038170345,0.48993243332680253,0.4915713675008642,0.49172122079832153,0.49467466989473696,0.49354493480645867,0.4904763350369387,0.49031952617605273,0.49257487846015036,0.49101401780557496,0.49087017469153177,0.48864715270585407,0.49182001164392425,0.504516136216963,0.49963876998728196,0.5117096606373346,0.5134151677904537,0.5206246135339205,0.5277911488237748,0.5473567117093406,0.5720961925150463,0.594518391604707,0.6184898562684236,0.6461168530513323,0.6819010389691849,0.719513312894378,0.7636347574452192,0.8008620929763065,0.8289917335667926,0.8540704089989803,0.8784720116327781,0.8806193060729928,0.8835830416340386,0.8748330670131946,0.8517572417852044,0.8256132726516775,0.7926982031895926,0.7626843226385491,0.726216516684906,0.6832960824154146,0.6467238174123575,0.6136304927814575,0.587422861355127,0.5621635492375697,0.5442829195036807,0.5306161006091747,0.5165099877104363,0.5084750797448694,0.5021856519953939,0.49732236324313,0.49384677272358374,0.4953312546241635,0.48628372597895814,0.49532488039175965,0.49031056370547943,0.4912226957783782,0.4911712100099023,0.4865439792546826,0.48563818675938475,0.4850224211933475,0.48713257064439985,0.48973952022748124,0.4856733732147616,0.4890506196620741,0.47995374820488373,0.48577479916275523,0.4903728140903462,0.48639776726440825,0.48461017100702264,0.4855295563619285,0.4791273068809862,0.4863207918367403,0.49426864396555875,0.4918910320421509,0.49583989854984833,0.4951833946009149,0.5039214365495107,0.5210783389179643,0.5304939535733112,0.5386879305811504,0.5577449035896103,0.579945684219057,0.6002673536000771,0.6249980113146898,0.6607096123891872,0.6955532489717352,0.7299328715672009,0.7657500081544986,0.7928569876070861,0.8301669029294922,0.8583608200183543,0.8834477284033856,0.901819648943708,0.9125078868741229,0.9101760822214355,0.9199598065646326,0.9074111221942821,0.8851954461594927,0.8684841536005015,0.8384908592776784,0.8080161266396783,0.7744574235276365,0.745247757917002,0.7087050555193201,0.6768919489806444,0.6550509454778539,0.6255245169259414,0.6032515991054531,0.5867100123342174,0.5667722935376462,0.5544786719752813,0.546544044597061,0.5330020267441338,0.5321490344190205,0.5245557677964566,0.5258530103539047,0.5222090007075741,0.5196544369347248,0.5117803677003779,0.5146649999431869,0.5098759687706927,0.5116977854350243,0.5031686127117264,0.5036632407515836,0.5098663651232118,0.5052523163819118,0.5007618137948334,0.49661426777951634,0.4934560569172134,0.49454411593130443,0.49003179376267814,0.49272494688616675,0.48447599893536236,0.48209446715716253,0.474602902419244,0.4745170979186636,0.4729591303796531,0.4681531146667705,0.46468692274709456,0.464038915133253,0.46457036568869525,0.45749136657577566,0.45759018869959817,0.45320024848193174,0.4518473344346182,,20.6
ECH025,Apache,N180,Pluvial,B5,13.99,10.11,0.4584464793428028,0.47057283631959135,0.46771637399158134,0.4749635369168465,0.4798324556137083,0.48744666445129636,0.49253564223104873,0.4950439315085124,0.5014523888407882,0.49849334288673325,0.5046439715786937,0.5039006080931244,0.5022077103529331,0.5007399447813728,0.50802298099208,0.4971030724644758,0.49913806160792346,0.49467129777961694,0.5010292386647546,0.49721507795668135,0.49156635852454705,0.4943592104983225,0.49297601591286333,0.49016882415324103,0.49360572856301493,0.49216570607037935,0.49132186764652763,0.4901955384959817,0.49119492018067734,0.4900755825152384,0.48893449292208957,0.48607478665575193,0.49218471763172034,0.4829237241066063,0.48620279981270303,0.48269086055765625,0.48756853156915586,0.4781518220110051,0.4772006185493078,0.4750652363488358,0.47761146081943295,0.47139159855556917,0.4732973474182051,0.46805899568339665,0.47586595051195185,0.47549409096351913,0.476080326416301,0.4896318763382042,0.4912318352620494,0.5099932472610905,0.5223202465585374,0.5510256453685192,0.5756338631010325,0.6029481199642149,0.6408392992953803,0.6871332946779082,0.7288763962236374,0.7741105131342186,0.8215798489402004,0.8542218717267828,0.8884195576027759,0.9133927595266086,0.9243588473387504,0.9209737144534654,0.9082208684002403,0.8805122612086561,0.8498845308385103,0.8142754059980547,0.7686955420319498,0.723266545820504,0.6806476542867055,0.6310180716610706,0.5949658828108313,0.5622985663821213,0.5310304012280834,0.51414276982955,0.49418456635962693,0.47824315331706124,0.47227069819539524,0.4547944864333094,0.4538976297342881,0.45130367070008176,0.4449314392516155,0.4468706360426916,0.441494610886824,0.4460913224885099,0.44662531335138367,0.44384013861512533,0.43711933701735944,0.4394809431675579,0.4438080763313054,0.44192852305575603,0.4335477865908734,0.445137124987677,0.44161555573421507,0.4385720664222763,0.44387905225054924,0.43879005149268024,0.4387828188970133,0.4420942240105748,0.44674723324483234,0.44696805687914065,0.4443041973003993,0.44633932535946746,0.44986165971808423,0.4473148538596797,0.457983478192276,0.46052570968803214,0.4724475635842077,0.4820480265714376,0.4983166309752135,0.5144119064281663,0.5254682033722571,0.5593217085692004,0.5881756714756049,0.6180938058431108,0.6494267613288517,0.6892867219143808,0.7205058988869746,0.7554257725201362,0.7897318326272027,0.8166904710615558,0.8370655484534828,0.8505523458883137,0.8675547392272213,0.8747998962249813,0.867194954550446,0.8588059500227606,0.8380053088353783,0.8165272135189642,0.7820289603351183,0.751081719355007,0.715898190568921,0.6829080441555119,0.6378823385724202,0.6078626398655192,0.5804790302130403,0.5542966940818363,0.5254574589862742,0.502390730332983,0.4874413048094662,0.47282270664332277,0.45701124343369304,0.4494108116220736,0.4443596442071496,0.4405798229734854,0.4325731625264085,0.4269576928494752,0.42392975482194606,0.4236086670508748,0.4198466298049436,0.4193057403015735,0.4142978432690223,0.4202201048018366,0.41184001308225365,0.41293644918999317,0.41351573693181115,0.41818918464280924,0.4099350340115615,0.4081795920987642,0.4074839212968717,0.413053978241723,0.39856231466584296,0.4028939383809975,0.41297948841503285,0.4054225864660468,0.3991774706651848,0.4011967370574172,0.40033397763175593,0.40146169462592246,0.40321667404850176,0.3976224103991098,0.39358033806137777,0.39628891203496247,0.3905465360822555,0.3882412906258362,,
ECH057,Rubisko,N180,Irrigué,B2,15.03,14.08,0.5507036858019565,0.5611840881222986,0.5655372164471735,0.5703572971078323,0.5730035313965182,0.5791211371552764,0.5827252877898564,0.5817938079995093,0.5817306097799754,0.5849832217934624,0.5789532186504699,0.5781071081756197,0.5780488721785002,0.5704325140853296,0.5752476996487244,0.5668064644753379,0.5651845253494401,0.5629692056686483,0.5609509448336966,0.5573195543970074,0.5560097402434069,0.5542617255121641,0.5516958408947589,0.5496628179351714,0.5544896269427916,0.5444720069404755,0.5499413630236696,0.5491142277508128,0.5518872301076531,0.546488073547472,0.549649747250995,0.5511916818501125,0.5550890784909266,0.55327009856826,0.5491215247448767,0.5516060900104668,0.5561215546214383,0.5502623277111781,0.5540554464287599,0.5547517909847872,0.5542306869360245,0.5643009972910431,0.5561638935776344,0.5605156304892883,0.5595070899160903,0.5673076080266973,0.5740528960385957,0.577826176126929,0.5907436547026375,0.6035001455537803,0.6227709822007007,0.654739420310786,0.6812285377745929,0.7128061570398085,0.7679540990535129,0.8072842296768536,0.8587434960534409,0.9147096915103189,0.9574783508396353,1.0004079826401333,1.0321991876838312,1.0554278080534403,1.0718665251359714,1.0720719005265331,1.0571041658447886,1.0275385758003805,0.9913109911881727,0.9400128580258417,0.8960778824171005,0.8421942118309363,0.7951910629390383,0.7396563480138252,0.6916454189033768,0.6546808888885574,0.6201821583941545,0.5947301314250915,0.5712792049898907,0.5500513548250651,0.5356523484845652,0.5313950558907501,0.5274007183554353,0.5181112457767909,0.5164056879054991,0.5141760193673462,0.5098995336987406,0.5052018661530887,0.5072220906501018,0.5096004617799259,0.5072047371027621,0.5077504041934991,0.5042388251654779,0.5053537514536851,0.5061406181427833,0.5070717481209001,0.5116461009511841,0.5022035534521784,0.5106314912601752,0.5118039261117697,0.509669004984536,0.5178304873825873,0.5160447239211582,0.5200397630752219,0.5302045826617239,0.532111703165063,0.536390773759862,0.542912507550921,0.5503213497669944,0.5682886115965494,0.5791353001293714,0.5924328519658041,0.6124770406441854,0.644871324320161,0.6743133271451675,0.7064385379732155,0.7530416993646616,0.7962970725838499,0.8475368077088362,0.8984119082358916,0.9471715996003928,1.0017574585166265,1.0461802180753579,1.0890833196583491,1.1244135134430349,1.1562174448095388,1.168627481704516,1.179200083162749,1.174722544461191,1.1504224066121962,1.1169889496635919,1.093209018973117,1.0463254223868081,0.9969607812541907,0.9469994055877057,0.8957318316022057,0.8499031742875286,0.7978888199639026,0.7562138767887545,0.7131833250659092,0.6749632775271973,0.6439102001028567,0.6208363830576337,0.6002400590015463,0.5834931739116264,0.5660028408802735,0.5565981200778011,0.5495659201470616,0.5403595242475592,0.5333216227309073,0.5306694462191811,0.5295715144962027,0.5300933421312229,0.5301182890813809,0.5207936932745745,0.521776798104626,0.5213184177014283,0.5236669055450159,0.5186239943494177,0.5178579857735994,0.5138495457004879,0.5184649698481296,0.5154454744376352,0.5128651687441184,0.5129274948791431,0.5159460950514961,0.5083896323829752,0.5076986945255465,0.5127802867533768,0.5080315876978084,0.508575619475676,0.5065156056898454,0.5039308191706118,0.5017014945376468,0.5039343774504552,0.503604440282749,0.5020328366767919,0.4938725328704698,,
ECH064,Fructidor,N0,Pluvial,B4,9.15,9.7,0.4507242872362792,0.4450912185394723,0.44113450369854273,0.44213313530960036,0.4366137469739296,0.44166079806969233,0.4375335266604692,0.4371670996740721,0.4406631989521817,0.44104097199385905,0.4391045637503133,0.44442898557125904,0.4549227139359711,0.4565906244713257,0.45617521967273283,0.46728636360674675,0.46953906262416667,0.47342326440515625,0.47717668072822184,0.48783015112930966,0.48275633691246805,0.4895420768698773,0.49539565647537515,0.5023477684354112,0.5014799298105689,0.4991540683349287,0.5078658097505906,0.5005537387155523,0.5065536940942669,0.5081940842763509,0.5049270253554773,0.5103961752860193,0.507409876301746,0.5116176437769849,0.5045406479716169,0.5115500612813804,0.5097644407526689,0.5148885106625424,0.5117466950503594,0.5160922209803128,0.5143998667281015,0.5131546186013359,0.5167790761213806,0.5180281006980632,0.5188271022948517,0.5130834755846844,0.5206639167303331,0.5329071338963468,0.5320726213579609,0.5480015959602916,0.5598934033231545,0.5713320610890956,0.586839606917313,0.6140540418795727,0.6482847150353948,0.6684787740763422,0.6994222052195191,0.7299004241997273,0.7663348267171891,0.7886822271251904,0.8094198443387777,0.8310512883859198,0.8365457155111852,0.8319193984602807,0.8227508892945814,0.8141255854765167,0.7885609159191954,0.7568935697704022,0.7261507804218923,0.6968277365574271,0.665493478133271,0.6338380063337716,0.6101810959858892,0.5875924086507206,0.5694645609214616,0.5600295828767535,0.5415797179398438,0.5322297960916823,0.527058527237039,0.5195783541589293,0.5177621927445394,0.5147980676765378,0.5125238559386842,0.5192137417499337,0.5127807338747217,0.5061789824679637,0.5100655509699824,0.5062050472382409,0.5096013685783858,0.5038535368010074,0.5043933455420396,0.5085005995759541,0.5102267366289153,0.508520844457756,0.5093740057052532,0.5077609113986157,0.5070290342529085,0.504940055987257,0.5089315465704142,0.5097598722729156,0.5069094849197714,0.5074781197208197,0.5137774873896331,0.5107270930061553,0.5136216364475604,0.5185324518285863,0.521855786767331,0.5264895185852144,0.5389961814940879,0.5491581754200856,0.5690874996321972,0.5834082774194776,0.6001620695101706,0.6285525499034358,0.6551209370837744,0.6890548623810596,0.7170152464755689,0.7543318194373065,0.7893065641769409,0.8250290020255815,0.8554815726336045,0.8897630675803763,0.9144415919101011,0.9362529162220179,0.9446973195904067,0.948345438160997,0.9491194458412701,0.9340588659251935,0.9224984885268352,0.8993379307748975,0.8719422797776777,0.8379702276561458,0.8020512056245501,0.7698777462206808,0.7373378698702975,0.7028152984393061,0.6792483691865908,0.6507481712408322,0.6233984806008186,0.6121796110335593,0.5905633823035323,0.5737694456829703,0.5640437609394309,0.5627932830483305,0.5575079878362671,0.5502800817008686,0.5475838881998251,0.5444904688391314,0.5403005672332685,0.5377647618155013,0.5367343842360658,0.5357213795220281,0.5296555745533365,0.5323476315404028,0.5326620464545043,0.5256409772469725,0.5231235213307026,0.5231251111494558,0.5172147508724861,0.5125297191655013,0.5171036925936898,0.5093699908232537,0.5077418769999993,0.5027413015549261,0.5052286927152212,0.5007460551026318,0.49423270234007194,0.48818176552409676,0.48746184270791065,0.48702385702659334,0.4827329418572719,0.4794023462595064,0.47668225612349335,0.47536765499641875,0.47008794396447273,0.46876843361367887,,22.3
ECH074,Fructidor,N90,Pluvial,B4,11.72,9.64,0.49217208679270497,0.4942364194607875,0.4935241807469354,0.4927369688466759,0.49465452173806146,0.4966149012199075,0.49735010316796896,0.5046642762977359,0.5018340649317408,0.5014476092681854,0.5044741672961436,0.50726764399798,0.5053161177624503,0.5101173779789836,0.5046342716875737,0.5129723113208249,0.5104162585194634,0.5112574635848119,0.5102541837554184,0.5095544427181437,0.5091155121333766,0.5126772587388033,0.5175509825607606,0.5136986328521644,0.5127036084882938,0.5153601021557119,0.5176429170208068,0.5184427562419316,0.5197461416122999,0.5238559682782824,0.5251031482008888,0.5279412003679292,0.5175922614892541,0.520415282155481,0.5255700504629387,0.5225834148244282,0.5269844080891714,0.5254767633816765,0.5300624319782286,0.5289702944575209,0.5296418968402139,0.5260195789660104,0.5280598357163818,0.5290101820738016,0.5277050978783957,0.5399891554292455,0.5426409856301664,0.5462013943938723,0.5605844142660033,0.567465172705212,0.5804176439170347,0.6099670179371125,0.6289135512002509,0.662809349804173,0.6991511379683988,0.7384765580270866,0.7809544865073182,0.8217159645490928,0.8614664726690362,0.8931800490586431,0.9257140227861784,0.9410794771599352,0.9610044899060113,0.9519747700169392,0.9441506664489541,0.9202000854983785,0.892422250183064,0.8586574022155954,0.8169335500821199,0.7801420954899507,0.7360634995136486,0.6949794515691888,0.660615627429934,0.633825088385664,0.6068993441258141,0.5795698400131185,0.564211094950034,0.5548519719228521,0.5449323525781092,0.5337879459115805,0.5342746802791158,0.5259444637210221,0.5301952028202856,0.5262853213552166,0.5202155241688519,0.5212642834078354,0.5206580458691745,0.522349263213918,0.5209057024434632,0.5177741744870323,0.5167481409084705,0.5223163472194132,0.5212810310759196,0.5205076447016955,0.5207926376584496,0.5179434441819746,0.5202179822570466,0.5272173952023594,0.5231670907533135,0.5189766112584685,0.5186992992162739,0.5124439115980106,0.5254479420549486,0.5264516984507247,0.5251620288260814,0.5263190258805941,0.5324045622989406,0.544255903315052,0.5518956974732702,0.5660726239207506,0.5790720221160158,0.5998421792643847,0.6197301829590718,0.6464288891587645,0.6665363107704614,0.7011774205220559,0.7384893875843892,0.7793021731137098,0.8188718515708598,0.8492947161653144,0.8824714740328574,0.9094498996371495,0.9439932125052686,0.959677483971897,0.9829951873540618,0.9769413949588341,0.9825481447763057,0.9677931546295975,0.9446367515069978,0.9244153401862476,0.8970896771702658,0.8616194100224176,0.8302554542173173,0.7949817226427439,0.7597458046439808,0.7250419631348903,0.6912471310917402,0.6673387454261553,0.6443248321935983,0.6179095237252111,0.6071917040657435,0.5926919652290908,0.5781921803527065,0.5725799166488404,0.566117409352522,0.5678875587814243,0.558999112216678,0.5585583586851858,0.5528025371404138,0.5456103353931753,0.5515199797151905,0.5458613250511785,0.545127766400647,0.5411735944262682,0.5426052342170837,0.5434689649696133,0.5407797375708093,0.5402696316085731,0.5380533010680995,0.5239317035112718,0.5235463277320446,0.5186372760144208,0.5227893833780306,0.5155641272550107,0.5128646770306583,0.5103309362183072,0.5087563897519599,0.49977872481217406,0.49709938160311784,0.4975520229102367,0.49786126644833806,0.49096247574602886,0.4855042038541893,0.4783501997591305,0.48465004055821265,0.4766676137906752,,
ECH061,Fructidor,N0,Pluvial,B1,8.58,9.77,0.4474257409426212,0.45027136769448484,0.45021806197935316,0.43839704813763225,0.442007932444083,0.4299367144687114,0.4400279362354648,0.4326799175981484,0.43784607282412813,0.4374742833601631,0.4435737518872168,0.45026973131892734,0.44631562529578145,0.45539618215931965,0.4598129912449584,0.4711038071027481,0.47264022673744366,0.47264076810203964,0.4793207560864802,0.4896198760902201,0.4909151901081202,0.4894175096202322,0.4943500898821373,0.49702206997026793,0.4983180089662046,0.49667415477542276,0.5013567286971924,0.5088978698378828,0.5047248348549259,0.5065310519661963,0.5081015903785738,0.5150670557145146,0.5090870036460339,0.5129224345156124,0.5083726877098019,0.5098738411841754,0.5111438450027211,0.5092198375650921,0.5113657331985701,0.515098862658382,0.5105521553103406,0.5135900362245802,0.5165559938220418,0.5131237996052019,0.5205513292272699,0.5198845545085323,0.5226029609999732,0.5219032726661941,0.5334554134966346,0.5446139437781831,0.5603804988090947,0.5715995104062186,0.5913806088618228,0.6058718879994275,0.6337586957011448,0.6649970736325926,0.6874768172542393,0.7221695926967907,0.7493969482435511,0.7730596333657941,0.7917564451637253,0.8043166766844767,0.8200888059590613,0.8165283574780019,0.807908382607588,0.7908578442107739,0.7714491111180466,0.7465420180673878,0.7190812143850589,0.690714740415682,0.657131687267353,0.6276659916625529,0.6074720384166905,0.5802859121948547,0.5662694938990446,0.5507951334070589,0.5420019545722132,0.5374176797753594,0.5188715240592155,0.5266012783326649,0.5155697563756991,0.5148551170128871,0.5078646362835307,0.5139204595391458,0.5102261699438063,0.5093177199527332,0.5032346298211435,0.5089015785782073,0.5109045658406659,0.5073772530540933,0.5113476813941346,0.510976779080368,0.5054201887094395,0.5119084215586166,0.5070581480971311,0.5068998670412416,0.5069204777861519,0.506772292502484,0.4987172102756696,0.5062466104337603,0.5031291398096656,0.5128363630494709,0.5138991936612399,0.5134950744963572,0.5128487111772485,0.5142510179007023,0.520406654817657,0.5350550224131719,0.536122591770431,0.5426214634803592,0.5671610132653289,0.5861713404788783,0.6076928662157608,0.630410146210138,0.6589172093620058,0.6866066550945593,0.7139035098836977,0.7556267810388057,0.7934834060586915,0.8266956183452061,0.8600618050777473,0.8878061144058323,0.9130091797011844,0.9408614749886559,0.9533765450260183,0.9526246815518581,0.9506212157562981,0.936446637977097,0.9239948851599507,0.9040274036971667,0.8660448064079331,0.8404737943699692,0.8071355513901579,0.7729023446032944,0.7426609735634109,0.7119152245323582,0.6756532038760347,0.6519456897511896,0.6270823177748222,0.6052486174669769,0.5915798773663915,0.5794659754880095,0.5675076676717267,0.5559480462877412,0.5508573881543001,0.5460638915171693,0.5412528334871042,0.5419169016545585,0.5400068050138339,0.5398299663877181,0.5326498671138197,0.531885187358661,0.5366462729125336,0.5297594625031585,0.5284775459324329,0.5258360354594162,0.5275642787872031,0.5253137558993657,0.5226073345994697,0.516665136729508,0.5111498663463315,0.5166065848078886,0.5103650839957323,0.5033128972090452,0.5057826873885305,0.4966941291981924,0.4993030982855529,0.49627401778389446,0.48585752234153873,0.4871796296352427,0.4846361582470573,0.487043899158061,0.4739459114802015,0.4775160501690354,0.4703941730855987,0.46382433168829296,,
ECH020,Apache,N90,Irrigué,B5,11.09,14.35,0.4278727938974238,0.43136921436593995,0.4311781149996599,0.4282136257255797,0.4360811627788576,0.44004516068445004,0.4426021953476499,0.4457506446913226,0.44748174543400315,0.4491819703742531,0.4505765347392384,0.44968819764651474,0.4593408600746443,0.46176033403463,0.46567560939668384,0.4626913070680031,0.47122035149639474,0.47789099692733006,0.4742466590456235,0.4759345007727511,0.47896280357809834,0.485842935576071,0.47816679737682816,0.4831111260751471,0.48113111526419056,0.48267810546943174,0.4847183211735728,0.4892173579062039,0.4906512299340627,0.4864371641874777,0.4835887368612404,0.49161602109917557,0.4820824699253883,0.48070389075427633,0.47598853323324397,0.48426320916267607,0.4816316108799384,0.4845520880228774,0.4716582664633542,0.4787332094382905,0.4731684367589339,0.47413119280465277,0.4658024561222693,0.47463013416322064,0.4727418656648305,0.47139980772509477,0.4759461977504125,0.4760324084982985,0.4832649764914406,0.49321584151976805,0.5021408048074764,0.527346837673771,0.549678878316802,0.5696670879021727,0.6024959138342959,0.6336139794511119,0.6704515818973551,0.7031373953431725,0.7364979561171443,0.772917310424116,0.7946104817390998,0.8185350604063661,0.8215593680036953,0.8181621690064113,0.8147049782068456,0.7942720117042426,0.7685192422718373,0.7382670946590678,0.6975398182008742,0.6624481285078375,0.6260916625489974,0.5885480046467708,0.5606590190850599,0.5384338766200272,0.512365695051832,0.48905253047469305,0.4737582310314212,0.47217500056438994,0.45852648467371043,0.4507669146647058,0.44756818258108794,0.44095382688146495,0.4475936298916744,0.44073783044721926,0.44505099292116435,0.4404213283137484,0.444053061573664,0.44014356088051415,0.4416088469878785,0.44092182391082174,0.4403741676644546,0.43930457595087796,0.43733330919082364,0.44356630260255525,0.43491149692252945,0.4374946487440174,0.4374337933816873,0.43859391882663756,0.4362333670132256,0.43880799000588705,0.4380034701637999,0.4348488652297626,0.44132645402917164,0.4405520127377855,0.4423561137634702,0.4531890876519842,0.4614060634665266,0.471122282306117,0.48381385771708113,0.4924055655149391,0.5142589070117719,0.5489010028651411,0.5692947338828321,0.6086604417189883,0.6439499817546467,0.6897635728252147,0.7346574385146338,0.7876206847774025,0.8365617365259551,0.8840712615085694,0.9286098978785271,0.9739593212653813,1.0040214576385396,1.0348443547586295,1.0574055385719865,1.0587510703208216,1.0509475996001836,1.0318368046839355,0.9996378590151509,0.966242756734507,0.9319166429475536,0.8786028702742225,0.8288505714788864,0.7794685224692506,0.7266234360042828,0.6783089418623013,0.6375246718181489,0.5950064831551047,0.5602405566142785,0.5298235009442803,0.5082394219836317,0.4849645780941589,0.4681441563357326,0.45699234593578564,0.44424857437490417,0.43572944367836514,0.4317897029278232,0.4276900590167348,0.4216798480013888,0.41962973781132934,0.4149057738278633,0.4129485280328721,0.4163992069914801,0.41417183304200883,0.41306299417864545,0.4114667867919438,0.4097247543351669,0.4106508933786126,0.41034249529043487,0.40923788533825944,0.40515530459927057,0.4085555009425737,0.4039986387182921,0.404110212422742,0.40194002631269654,0.4006963847047166,0.3965908970415657,0.3997265640623842,0.40496478584377993,0.3940934587789528,0.39420287909088364,0.3914070329926129,0.3900216684006453,0.3948441301753524,0.386902569558489,0.38619628453212335,,19.87
ECH007,Apache,N0,Irrigué,B2,8.53,14.44,0.39721705575813043,0.39754747186076256,0.38951875435249816,0.39211433536911855,0.3888712102998107,0.38967993748717256,0.39519883585216387,0.3949382930691161,0.4033528929265435,0.4006539873097819,0.4098897826823065,0.41269373938485504,0.420875846550524,0.42364476867418577,0.431566115230704,0.43814656485325437,0.44264169961671235,0.45351936944158916,0.4594671129304219,0.46478311431712915,0.47253533295815364,0.47659210793433515,0.4748236469519734,0.48016483589875236,0.4796888406725806,0.4835955064688447,0.48318563179090807,0.4908431400609253,0.4876561128547769,0.4861211280748107,0.49023602197364113,0.47973181247466457,0.47953434513217796,0.4870751631890867,0.48378970282992817,0.4831206135359208,0.4770222375647354,0.4794676922993645,0.4840244609605744,0.4789478433716831,0.47548678744852885,0.4722788735460551,0.471248103136134,0.46523527771855117,0.4721268582059616,0.4744029574989237,0.46873867595666957,0.4745355599055381,0.47797990112792277,0.48582067377651345,0.4989184804217173,0.5057030309470514,0.5303997065862597,0.5508567698216628,0.5710714199405523,0.5902224306500957,0.6221899501614107,0.6568017076307674,0.671580921788355,0.7029187679589545,0.7200750742518935,0.739863474875859,0.7423789645776558,0.7451226967499045,0.7376611317532453,0.7266334635911346,0.6998342513939102,0.6764654555907206,0.6429713501484949,0.6219278010638672,0.5873599809406601,0.5608586145078688,0.5379182242800241,0.511861964625901,0.499167762926439,0.4866432623212125,0.472962204060059,0.45836412416168687,0.4560702680285835,0.453793739713851,0.4424590119344432,0.4424337475923702,0.44659863047037296,0.44360762262295717,0.443209038916212,0.4469535830114686,0.44232569790276294,0.44252663790307567,0.4483712344969961,0.4393155617536181,0.4373013835297539,0.4407310004540562,0.44053080613408796,0.43741678590423005,0.4357074634376415,0.44558010903422385,0.4395369255691316,0.4363584665953176,0.44144449068967473,0.43872452995753797,0.43896334167782725,0.44253240237402064,0.4387331801750307,0.4463121624058736,0.45482784705264406,0.45588798624426063,0.4607730203913623,0.47031227150509647,0.48360719079389486,0.5007230449897824,0.521185288760448,0.55055626508106,0.5730796985551371,0.6164429636170518,0.6532518979119795,0.7005358645881127,0.7446782330817989,0.8031263231156367,0.8548239155672543,0.9049290395290424,0.9454483072656921,0.9953031724907034,1.0297243567191445,1.0504904921809168,1.071749619178137,1.0782711177715096,1.072736676904783,1.0543287058784816,1.0271162540122765,0.9942077878566493,0.9498751756866015,0.8888807180102708,0.844785967886999,0.7925087653910331,0.7358664004621798,0.6919413414432978,0.6495692317862636,0.6011943813735937,0.5690366314963602,0.5339438165315774,0.5083067090362877,0.4930236600726005,0.4694020725843154,0.4584781317554936,0.44059292000466166,0.44340828625398027,0.43323510591863396,0.42602998679478726,0.4246219580030008,0.41584370447680724,0.42141566496211896,0.4151217078843347,0.41399864472717157,0.41184361479439857,0.4104033041172166,0.41312543117947864,0.41074143734627094,0.41087546050086643,0.4078404694399846,0.4083444580915924,0.40447239115765315,0.41132522419234835,0.3988206862676674,0.40617631129753023,0.4053465639831988,0.39751609927103015,0.4055707918092381,0.40066089204088934,0.3993608184242074,0.3952865101420727,0.3932884441816727,0.3920328220145849,0.39253745287237546,0.3942587862335603,0.3892737818745478,0.384656080344707,,
ECH056,Rubisko,N180,Irrigué,B1,14.94,14.12,0.5721138978497231,0.5716451935008088,0.58289011546107,0.5859883271184368,0.5922921228378298,0.5944258788882083,0.5993461447313259,0.5983793708453492,0.5988152831509915,0.6065566074870693,0.5993286459147777,0.6007963399887278,0.6015516384283277,0.5988103749061949,0.595482788115848,0.5908548132938589,0.5889389832255697,0.5878161004793062,0.5821214993093552,0.5727856778782551,0.5745156708002143,0.5763716351946927,0.5709599194106142,0.576618713181981,0.5708118893295907,0.5707848584050466,0.5736705491059285,0.5697091764235851,0.5708994342788781,0.5732939712676611,0.5664859335059407,0.5704058800714644,0.5741395123155425,0.5722540980866181,0.5768683781449894,0.5681456674633564,0.568208700003403,0.5759993937296377,0.5767252192312204,0.5740476319132025,0.5764515599141732,0.5783300778193409,0.5748668508037242,0.5769894366343075,0.5823739450684101,0.5885166824256767,0.5881408551465014,0.5993625393063869,0.6107746319932063,0.6283542131891402,0.6475048067051855,0.6718417901079855,0.7091305470502355,0.7416888142130559,0.7859188700473773,0.8300215591198068,0.8834721796530672,0.9385005714695104,0.9870198790087358,1.0317336899371672,1.0672903013384953,1.0968471822709298,1.1006146825066025,1.0965807074648664,1.083176510390048,1.0564399739112627,1.0171056537553367,0.9736279896464621,0.9252160513637837,0.8719827953437016,0.8153409159569223,0.769577403586185,0.715978079834499,0.6716773771338284,0.6453585428392762,0.6083579019612163,0.5889095926568405,0.5749968104728852,0.5595720454987024,0.5491365921523907,0.5386500343523811,0.536661398149177,0.5357082621653358,0.5298631476551341,0.5252256980397145,0.5224847246194232,0.5227645374706678,0.5256970542176739,0.5251776277093025,0.5216333608287952,0.517526857609521,0.5257626227122656,0.5223599275123597,0.5278688642764904,0.5244745563996256,0.5249118745354444,0.5296650487038432,0.5378221593430859,0.5347850383535708,0.5350344821525995,0.5381724776037518,0.534816703218356,0.5403512915756249,0.5407359871136795,0.5592054184836388,0.5659074986637534,0.5718135555007182,0.5828524809058948,0.5926559193310034,0.6151354368283815,0.6438167526397838,0.666111665696354,0.6962614639053939,0.7300004611477198,0.7816636219457426,0.824006770740052,0.8692377065632326,0.9243959105693246,0.9767878186982066,1.032598874874775,1.0828519006579584,1.1246974142286186,1.1652254283465815,1.190741873600931,1.2108318760010433,1.2123538839642547,1.216681202376601,1.1886210562798163,1.1599189770830107,1.1228134699276013,1.0812658151087826,1.0275278793458469,0.9812670991790925,0.9213394207331775,0.8750614939109981,0.8204763766281107,0.7770022465835981,0.7380897620504143,0.7063153652180599,0.6644451114448433,0.6405291862320743,0.6168024025839732,0.5985762864127662,0.5849197901466534,0.5785053949412647,0.5660668703372881,0.5677913834904341,0.5573663832153936,0.5493443757990708,0.5483999810760513,0.5448440635998344,0.5478344873885912,0.5389970298734487,0.5385617365722128,0.5396008704869047,0.5422849216155758,0.5428317593299654,0.5421844493426646,0.5385420060883019,0.5356043897124317,0.5371227310885883,0.5301734049574014,0.5269215873432261,0.532593944199119,0.5270750480910652,0.5286838808625354,0.5280063525341293,0.5271398659122706,0.5279377780542578,0.5263309386598957,0.5231120332438396,0.5198759500479732,0.5201835514428005,0.5167139009938537,0.5165402271969546,0.5235964711642656,,24.44
ECH001,Apache,N0,Pluvial,B1,8.58,10.23,0.4224037178391218,0.4255884035938465,0.4224278518825271,0.4250217780926162,0.4207972009103323,0.41711131447439836,0.4180388012934404,0.4293554394757347,0.43276795799347095,0.4311722981972893,0.43553012394764584,0.44677814555911305,0.44538550670758503,0.45276124636356924,0.46435357550342593,0.46826951161358216,0.4763417270003283,0.48248682548911015,0.4901950868296538,0.49909441735059407,0.5002483094327886,0.5063882597275264,0.5021477616641368,0.5113642213860082,0.5115879133046296,0.5124998904381094,0.5150354548720619,0.5177026166494644,0.5220563786352621,0.5155474884649349,0.5194940596616977,0.5175228861904367,0.5173006313297295,0.5203699518947552,0.5178566618903707,0.5189695792538416,0.5130753868492494,0.5099329438055397,0.5097696101034236,0.5095736121803655,0.5078239411443444,0.5026102644039614,0.5049309596185161,0.5045107863734515,0.5111083232859189,0.5097312603883329,0.5032188944161012,0.5081121071038464,0.509738471049082,0.5199434183512521,0.5331454120978787,0.5495919406722921,0.5611117934984171,0.58224686881885,0.6020062310827737,0.634921440080815,0.660930226336947,0.6916635732356239,0.7185954331675516,0.7460321079177765,0.7615478900605983,0.7768555060092344,0.794902456724954,0.7841406689481147,0.7764261800964141,0.7697491398219543,0.751381314704702,0.7129639130655631,0.6862600715942563,0.6580663821747579,0.6322748408133888,0.5958592613847581,0.5724696161632341,0.5531793679351729,0.5333040021794612,0.5154958456131501,0.5040636779666292,0.4910029359743164,0.48743675728595,0.48226920612914576,0.4801417463516427,0.4752407483933951,0.47656092004276274,0.4769637337497617,0.47353358664020745,0.47350019345524835,0.47213108323666814,0.47159022268402817,0.4690987841053364,0.4719193153519925,0.4704044900934455,0.47671610634754263,0.4749086974570757,0.47111164483195345,0.46744915348008514,0.4662138243634552,0.47298155960232807,0.4701221122455548,0.4708048823947283,0.4643185667432905,0.47275384654433367,0.47208726226194786,0.4686150784182718,0.47240220124465854,0.47735186663231,0.4806121302059822,0.4849498615678513,0.4927383087862199,0.5017721495849169,0.5151402155507137,0.5343268439950037,0.5408611835157817,0.5701595752345725,0.5974584840754339,0.6275157542616121,0.6585007472336055,0.6900076208962711,0.7337041982530312,0.7759782003191684,0.8035455551495712,0.8458673677792761,0.8736550697388462,0.9005803119713857,0.9171887548661845,0.9313705643496843,0.9400964542878775,0.9333398640122144,0.9239790055217934,0.9019451785964506,0.8728166845295459,0.8445713832654783,0.8047262545544311,0.7677329585217713,0.7254650889930442,0.6882835908513797,0.6494906188131173,0.6207106670943268,0.5836423268558032,0.5625849521700389,0.5364607758222889,0.5209848054321669,0.5035633562302192,0.49366928530380577,0.47995209838381603,0.46483291152749084,0.4629673921165593,0.4547276358149671,0.4528922648100573,0.45603521010133463,0.45109356068885603,0.4452100840221781,0.4427011558872299,0.4444834084172683,0.43951120302379637,0.44000376441817546,0.4418536762652164,0.4433037399529363,0.44058786712352005,0.4308048395594174,0.43749590402275973,0.4356861596809539,0.43557998493744277,0.438035082674131,0.425824297264607,0.4290476150494872,0.4313800961398423,0.42362892383531925,0.4315482023663141,0.4269529010309186,0.42709644720976636,0.42153471700707384,0.4243623151085649,0.4237832028219682,0.41991716662200723,0.41854717758092264,0.41726588620696314,,
ECH045,Rubisko,N90,Pluvial,B5,12.13,9.31,0.5059548212517558,0.5132334623689149,0.5127808582511223,0.515694234541451,0.5181363905244122,0.5123297373357497,0.5203160871814422,0.5125728803402,0.5203366805061429,0.517725575855649,0.5174996158590515,0.5231960823969711,0.5252264460765526,0.5261526326044946,0.5250425378007155,0.5257604557264253,0.5278869273823529,0.5281341276752853,0.5297378432093489,0.5295908370522782,0.5323460872026422,0.5257485745532148,0.5310221541286543,0.5280232910130163,0.5337366500680978,0.5385366939948418,0.5328654498378307,0.5353185021478735,0.5378272938109214,0.5299476139934749,0.5351491095104792,0.5383452836543868,0.5290687998793373,0.5353096642472649,0.5419965145729683,0.542133089222766,0.5406589461070238,0.5425862685887743,0.5409982441280774,0.54247212022669,0.5404010249368377,0.5424041202929912,0.5411526050631117,0.5482893932651448,0.5512102854475778,0.5539542638150435,0.5531994584552785,0.5581239979134617,0.5739219300854155,0.5840108266054627,0.5994631404009432,0.617021735408806,0.6453377745264263,0.6706821608536059,0.7101005100599472,0.75014450071659,0.7909188243838715,0.8285644807657297,0.8609235551634041,0.9001429954963571,0.9339740720422897,0.9444367342182537,0.9563215392891913,0.9593586106271464,0.9447527484726336,0.928099971256763,0.8877127629392839,0.8497317086307907,0.8150344266466175,0.7646804272762927,0.7250143317985314,0.6849966894604982,0.6514939754654577,0.6178697802594156,0.589856057252734,0.5645195719319883,0.5510661940127093,0.5451232237188031,0.5240616566858258,0.5139231483594375,0.5034839689581462,0.5008377953214437,0.4986960818977938,0.49522169898817575,0.4949358844646299,0.4989836777940962,0.4964521978821201,0.4916173541717219,0.48812677465640214,0.4956654144242322,0.49163130524117715,0.4869328884453888,0.4947808004699112,0.496439176190312,0.4869824381967948,0.4928583412993196,0.4962445960910734,0.5002002351998236,0.4980613176592519,0.4989432431319514,0.5057186047802651,0.5045677140084771,0.5104755478349635,0.508973039608377,0.5124735252726071,0.5240135662937557,0.5289928884715834,0.5390784345259104,0.5447258298130384,0.5562485827261893,0.5776707867778414,0.5869170901558353,0.6162895030398381,0.6407742524227675,0.6668006185493615,0.6923847935986606,0.7245017847880528,0.7603131118356121,0.7915265996955164,0.8262735004977301,0.8627977038244548,0.8911152374179843,0.9096190507129602,0.9325491639146347,0.942895218259729,0.9497641983276545,0.9431426905891123,0.9335107406745679,0.9139408339372554,0.8918007610685011,0.8566798264365989,0.8284940181768885,0.7950641334346439,0.7601017079539808,0.7283497419227107,0.6966560299974089,0.6660037489735555,0.6372563959376893,0.6117367760717108,0.5966863740515732,0.577109950193065,0.5586727240283147,0.5495133603704906,0.5355743504305287,0.5335941173927563,0.5271911416623349,0.5216454549409971,0.5246995973928726,0.5138038311024263,0.5172678712597628,0.5199773755259575,0.5151887655956113,0.5105829298976247,0.5061112132792223,0.5043319586224466,0.5061250096511137,0.5042553905673357,0.5031155237732756,0.50324499512657,0.5028533667606541,0.5035349874498705,0.4972664072075376,0.49781376252153353,0.49824205836803515,0.4969750675773885,0.5018913168460458,0.4958797277827582,0.4891240176055499,0.49398248732785105,0.4931099954310418,0.48982517158439093,0.4852710253785695,0.49287979436065904,0.4830748218076455,0.4869307596563272,0.48419841105347167,,25.0
ECH008,Apache,N0,Irrigué,B3,8.42,14.5,0.4262960308853706,0.42521752396543966,0.42105343845745485,0.4183606596225862,0.4183779814645414,0.41660713264371313,0.42356708652004527,0.42483892970572923,0.42692637661773664,0.4234454155570788,0.4334812195480312,0.44623320133797284,0.4471160329906459,0.456851904168654,0.4584948841138907,0.4739308311112936,0.47600590830383843,0.48385099268204723,0.4960910751370131,0.49928633115216553,0.49886238408139516,0.5024300793045804,0.5070301486071502,0.5127111280788453,0.5134425915250144,0.5145874880338708,0.5216707000199512,0.5179495336127226,0.5257875756090931,0.519376488165757,0.5243371613684058,0.5196313596119037,0.520764582919822,0.5147906003362612,0.5132967518709084,0.5159670145444154,0.5161512570744367,0.5118052595481016,0.5062628967339549,0.5044625999603207,0.5027242571771549,0.5002820589267081,0.5047125188862671,0.5069178991609964,0.5032079190499826,0.49696352580875647,0.5047689905332184,0.5079225445092457,0.5196698198734955,0.5163416722033431,0.5296829251220926,0.5493095310288701,0.5623225398449305,0.5829224024019124,0.6050659426574915,0.6318438285605703,0.661014165697835,0.6844951032669953,0.7166758238494666,0.7342434559948979,0.7592246451784929,0.772765864610341,0.7774102200550235,0.7786852314759014,0.768839871984809,0.7524718719512026,0.7336953785313954,0.706037628244349,0.6820735172380676,0.648237820735831,0.6247662475597039,0.5916617397438583,0.5686580107895188,0.5467922754342756,0.5343556640257687,0.5164531205961408,0.503028609424254,0.496098337706815,0.4815091554299545,0.48276638888512086,0.4853692769258431,0.47730673634221366,0.47540109369595424,0.47565289202333677,0.4758580351463004,0.4665703978753096,0.46705206367785385,0.47235521112451095,0.46925874230216047,0.47505084953290294,0.46990102531675704,0.4647895177077743,0.46654958402526975,0.46188243804816786,0.46923224860592244,0.4692119346630929,0.46840780354235395,0.47291776128167706,0.47342323111363577,0.46968319982113416,0.46448094301968385,0.4738943791064277,0.475524491727572,0.47751049399266937,0.48347472284058096,0.482595361156223,0.49974628817117817,0.5010653930624215,0.5195776275653157,0.5294028986789083,0.5531187359057115,0.5866943159312701,0.6127274248093577,0.6526498910171179,0.6925624201427819,0.7378693187713,0.792355054250592,0.840130954454794,0.8889668494532073,0.9443554096074537,0.997765443511262,1.0413762932311286,1.072228630665362,1.1023390011355736,1.1197679627157968,1.1259300198819797,1.1166124689311743,1.1010797859839685,1.0724200454954242,1.0393997673583328,0.9946488204327778,0.9416450716068069,0.8876504613802679,0.8349695063827409,0.7787038159215623,0.7268037577158412,0.6802486309742317,0.6385876669680413,0.5995114360160793,0.5712373654402823,0.545802422614197,0.5164877657947544,0.5032515713181289,0.48817311965886984,0.4786569780518285,0.46896608899532904,0.4580659813836144,0.4536513054333421,0.4537401966295362,0.45383699923657134,0.44184204684449885,0.44769912240803367,0.4487083755928345,0.4433542100058879,0.4442602000462903,0.4393683051768708,0.4400246242744189,0.4344399061776328,0.43118977801005226,0.4399624758205345,0.4330763232088948,0.4335444612450988,0.42961235719484503,0.42838250727188204,0.43091146739464875,0.42804471620631346,0.43014800662827773,0.4291329363779506,0.4274801659032644,0.4259573286870627,0.4286809430346514,0.41943379706070555,0.42114419753347104,0.423363662835635,0.4224006805673885,0.41296884704402403,,
ECH049,Rubisko,N90,Irrigué,B4,12.27,14.6,0.5382963124241112,0.5336674398948659,0.5378828502182776,0.5346240797930735,0.5414156364233427,0.5405628070441015,0.5426691502860722,0.5425604427058707,0.5433982244133416,0.5426759855548445,0.5487587273620488,0.5519400775078845,0.54686078361929,0.5512270742143476,0.551874077289167,0.5515878954867812,0.5479445079439882,0.549554452417264,0.5520251659042157,0.548833566921497,0.5603304502012346,0.5580382778946092,0.5576468726410371,0.5519401735881264,0.5537857051861445,0.559968825847851,0.5665777389847271,0.559232438361699,0.5645533505277645,0.5611271310875734,0.5633085798656843,0.567334008976687,0.5631703911177942,0.562627940501931,0.5694155302388746,0.5657369658309696,0.5692944008996871,0.5643774380306285,0.5710758705497317,0.5681408094103071,0.5691806723618864,0.5689999734667369,0.5681112972452328,0.5711165310373726,0.5720078516805854,0.5794836963526079,0.5807521704107337,0.5836432516935833,0.5924918772162135,0.6050319659858044,0.6286804505498031,0.6444728334301753,0.6747718315726113,0.7051166223768178,0.7398719485858648,0.7804038427856079,0.8208658895689454,0.8539732056417103,0.9010046925230804,0.9388435364676202,0.9713989551743171,0.9916604427601552,0.9922848157673837,0.9939162562619424,0.9776781756232812,0.9640034892126367,0.9307731978757273,0.8904098125387317,0.8472204523365372,0.8064179378019083,0.7619088550246711,0.7200726258466537,0.6800108063486464,0.6442260006598894,0.6191784984608818,0.5958651519188279,0.5739788796234518,0.5586857386837241,0.5517505162654059,0.544733089077276,0.5310660119734405,0.5277668928069637,0.5261039444972838,0.5239332403335969,0.5190183310419899,0.5248689151613789,0.5195235546911061,0.5192205238718363,0.5225534250544501,0.5158298701754696,0.5170412509283404,0.5138909113409549,0.5176823920768171,0.5144776053114702,0.5221244207731163,0.5222684859311713,0.5215026460914172,0.5235730540008505,0.5279475770104923,0.5243487188944268,0.5308516973615416,0.5353366315846744,0.5315812327834977,0.5435985540990294,0.5423656722654899,0.5544837773167435,0.5608494000976445,0.5807063807173837,0.588148515555725,0.6055935939116537,0.634144687519056,0.6604607421944958,0.6902393815452217,0.7346005601125798,0.770380621465999,0.8211453000081071,0.8741220168716248,0.9322836597946083,0.988607661335316,1.0417704151374452,1.0885252956255103,1.126831685673573,1.1729350044426803,1.2045099818432932,1.2213897903703421,1.2250109701998595,1.2140209314454846,1.1983328004345393,1.1773005197010318,1.1295510439391172,1.0852127846489152,1.040984369118551,0.9831925007533504,0.9262191860615684,0.8804996535737689,0.8259479962571635,0.7758285491499259,0.7305798874647912,0.7023326103903761,0.6635757539533764,0.6404584796803418,0.6163820005018034,0.5939038626126913,0.5794574092914749,0.5740368865966476,0.5653841395084013,0.5487330406055732,0.550984983282518,0.5451568016596375,0.5394987789432014,0.5411033893991969,0.5344362332387627,0.5355555245848758,0.5332273529452654,0.5329149467986483,0.5330637273989524,0.5291329760853395,0.5358156276707605,0.5314926610802111,0.5343044288111667,0.5273341456430072,0.5250442061607853,0.5308228435627992,0.5226504559283845,0.5226665538553456,0.5241581966255315,0.5170616091265068,0.5216659164022938,0.5200203225784018,0.5207980575558402,0.5183621584791048,0.5182766742551209,0.5127136171198543,0.5091091310846231,0.5166641846674739,0.5043767902258023,,17.64
ECH089,Fructidor,N180,Irrigué,B4,14.72,14.38,0.5200294956691771,0.5208585977678758,0.5375893198592814,0.5418395455086565,0.5446796174839935,0.5445483524013578,0.5509941456159265,0.5539501262485654,0.5569299428537043,0.5556369205684137,0.5561441616924682,0.5523064150200592,0.5540697183995531,0.5497422778675183,0.5412518743160469,0.5457591206909299,0.5420191914457905,0.5366014738565373,0.5331344103171781,0.5346632749904047,0.5225437049501291,0.5293092469841438,0.5226848217310993,0.5262935064610589,0.5225970019176502,0.5180263637269732,0.5200302251054812,0.5245488379100214,0.5209726383119261,0.5199752176618829,0.5202749724764201,0.5244619524201797,0.5281970721997682,0.5169505948633206,0.5322107355886209,0.5248574489870372,0.5264275345103258,0.5238310613785567,0.5256154296993761,0.526760746646276,0.5237276288650508,0.5253843225296712,0.5326682934218299,0.5263791834084971,0.5351999633609772,0.5369424700932535,0.5412225069828893,0.5586013775299286,0.5616925760768703,0.5771445089411441,0.600866525350278,0.6256182600155296,0.6604904046634427,0.699600641210598,0.744170031847672,0.792037742861343,0.842155039803444,0.8986475573506839,0.9466711500238812,0.9906291738992772,1.0335231424743048,1.054947306581029,1.0721471732426924,1.072415492779762,1.0587662520312322,1.0304789485081518,0.9911702489879578,0.9456089078366975,0.8945247169541632,0.8360530933193824,0.792619560299318,0.7420249111429967,0.6992197656554496,0.6575251316929606,0.6271334824413624,0.5943354739946114,0.5739095091913664,0.5538694758050289,0.548902790168633,0.5383052812559874,0.5317808245679965,0.5312581609080064,0.5261000291653308,0.5211419580708653,0.5317726334055385,0.5231357022359754,0.5193652125434912,0.5201324782806642,0.5212454100760429,0.5209187000134128,0.5250649920449585,0.5206573767759807,0.526217736380271,0.5191326232595967,0.5215160394797652,0.523152984875278,0.5235896134973235,0.5239593936882704,0.5193827920502392,0.5205892549887629,0.5139138402789125,0.5219978346731683,0.5277786913299193,0.530057574893222,0.531238840704729,0.5423956514002843,0.5440879815735925,0.5537140596615155,0.5683478473223522,0.5841465118443737,0.6115933146288799,0.6377523677037363,0.6711776348335131,0.7059995779056473,0.7502458585654724,0.7918481802442626,0.8513816947229335,0.9050522319126504,0.9569490981323273,1.0144803508772202,1.0654698629365624,1.117683346898562,1.1479364036369264,1.181564512973523,1.1960134095249082,1.204664545477548,1.2022380212406625,1.1841755498966007,1.1574498964824902,1.1218313312132593,1.0752798116207043,1.0300120289371453,0.9739122223968516,0.9210091724203362,0.8697958015630741,0.8193683125248188,0.7744203753877036,0.7319288411870005,0.6960457491177018,0.6626288915390829,0.6345193010351453,0.6123488103939508,0.5947961346058801,0.591947872532555,0.5699276688133603,0.572507319855081,0.5607260151734744,0.5624289449864325,0.548953605152035,0.5522263581080458,0.5550821634704853,0.5508681396133818,0.5458000295730824,0.5390391835305454,0.5388620454723164,0.5448217209206258,0.5372755379509738,0.5356041610205043,0.5340054548275716,0.5264270501597544,0.5285982169372492,0.5230360997827688,0.5219921594128384,0.5161111633057537,0.5097992884706581,0.5098694636876744,0.5096862784960006,0.5055565812651482,0.5010930125133849,0.5003514643192364,0.4937480780283695,0.4912864884791368,0.4865043426718191,0.4877149548123905,0.482703064511435,0.4772275860149998,,19.86
ECH040,Rubisko,N0,Irrigué,B5,9.66,14.01,0.4687177415538759,0.4677919905916625,0.4625532636495955,0.4590920484969249,0.45738909090143487,0.45686953539434216,0.458017594014229,0.4586609109618094,0.45872340838466896,0.4599262513327762,0.46281996869854836,0.47476744581596964,0.4688759392644214,0.47389002032220434,0.4900993038513836,0.486257703655608,0.4856093984379315,0.4968824421113806,0.49597619492295514,0.5054559423686337,0.505740059788991,0.5082965394237677,0.5172845670746344,0.5166127271419974,0.519934183259469,0.5201047985674155,0.5189762224285747,0.5234195702796057,0.5262948940349144,0.5239942883376928,0.5297892769420083,0.5276267458137922,0.5263191694483798,0.5269787483228126,0.5271230516717643,0.5234014654611784,0.5272959215854448,0.5286196931525748,0.527093283416051,0.5297601477007396,0.5292753615094439,0.5321151663422832,0.5325741345624874,0.5322156985864165,0.529264064573442,0.5411580955382356,0.5388668289327339,0.5440316725793417,0.5501535079737702,0.5590323561478462,0.5773329208205945,0.5923562450850081,0.6085852289348961,0.629574319634067,0.6577181279950965,0.6847300193440091,0.7142487959253189,0.7464275725123001,0.7733089440500545,0.8014325312521549,0.822384302137927,0.8381773180512512,0.8414566036206695,0.8441250906091781,0.8296934080421797,0.813466548551522,0.789880086322817,0.7596003238443352,0.7340571084117028,0.6949482005879368,0.6629204130149865,0.6376502921172332,0.6037749016019672,0.5799065347828107,0.5560844016714079,0.5439125737446295,0.5296420187616411,0.518008079084091,0.5086321020328943,0.5005368833965022,0.4936723514784493,0.48898728956748444,0.49244099236946287,0.4887218209193435,0.482747396293453,0.4837681737782292,0.4819080746291169,0.4788671660112981,0.4824763640320226,0.48061376582432175,0.4791291315007678,0.4778742001228176,0.47813458991298774,0.4824087782041692,0.48414295658972223,0.4828248999502222,0.48863835858805527,0.48792261696665823,0.4915100340317456,0.49116712061955436,0.4916439678119605,0.4971023461628995,0.4963486084456458,0.5059637755431587,0.5068464090571656,0.5191659426342975,0.5239938557003173,0.5391023665996232,0.5462665088894879,0.5646581770601896,0.5887310480142905,0.6162677554568632,0.6474983702371052,0.6770508874366562,0.721413546916233,0.7581051033808561,0.8086607312675059,0.8511133828872803,0.9045048491920071,0.9445285091073637,0.9936033320222389,1.0389318552827522,1.0674338617450343,1.0981196726358873,1.115366897836521,1.1164750161797277,1.1096479732838003,1.0952387660530511,1.0682271040904137,1.0369356514733827,0.9969664572280132,0.9503496028288904,0.9080469946584452,0.8516763228837546,0.8096024719630505,0.7561414394921714,0.7166981626794232,0.6814070483872476,0.6472385046488377,0.6133190409487849,0.5916151046409758,0.5709114019775162,0.5516168723536433,0.5420550154926617,0.5356146549512951,0.5235950320730565,0.5178896793582118,0.5136588138756721,0.5038002254557502,0.5069066396340495,0.5003936923298321,0.4999935123130932,0.5068395712001732,0.4983615720957485,0.4957786724590188,0.5003988525704447,0.493072947441588,0.49356110411063747,0.49763730351814023,0.4929964707644936,0.48714771083430775,0.49241227842856466,0.4885206658736773,0.4932406027383894,0.4856944839380684,0.48953981394957585,0.49056768424114383,0.48152396178640927,0.48231556158113903,0.4828622077859167,0.4779087030739617,0.4800598986995131,0.4773270085226723,0.47600444686061155,0.4756101360029626,0.47438726569121686,,22.09
ECH009,Apache,N0,Irrigué,B4,8.5,14.78,0.4177414530068515,0.4154895998955997,0.4131669947704493,0.41197006011112025,0.4138256510616289,0.41272004718873284,0.4146547631398352,0.41718915018108965,0.4179882926787621,0.42557160917721604,0.43749210775173175,0.42890866282811807,0.44127715649722293,0.4444993087334408,0.4552168518416601,0.46037862553376585,0.4691577955170842,0.4767594404133997,0.4797722747445965,0.48805785962365306,0.4825333959411201,0.49864201441227946,0.49868715662481583,0.5038817497634864,0.49949366955617686,0.5026198359487454,0.5070042410444987,0.5075098333890465,0.5089901842945007,0.5116039776861064,0.5029351456239904,0.5107422091073556,0.5071809458095433,0.5056588832650021,0.5007813321711626,0.5054691475655299,0.4953545996218129,0.5030831250743355,0.4951433233856812,0.4982463584868599,0.4962354842861448,0.4987236482000132,0.4935169722214792,0.49116121906812327,0.49145082092643166,0.4972924046711374,0.4966647495570168,0.49692627941076306,0.5022663556913718,0.5054824709607793,0.5213153246104316,0.5279712992929232,0.5519857628906065,0.5700095955763161,0.599846966622192,0.6150402814243909,0.6453505659708799,0.6787777882838439,0.7035776297047331,0.7217895711902764,0.7440632794708246,0.7571326363977562,0.7648762170500235,0.7614425807840562,0.7553789130711828,0.7361157325596785,0.7207777535539398,0.6967921221108863,0.6670442477070448,0.6340148715159254,0.6133115959347818,0.5845286534419856,0.5568729550568317,0.5369247359550625,0.5153215861245646,0.5021095843164745,0.49199604115251433,0.4884042444718859,0.47615751938753514,0.4751560263833506,0.46816931592990924,0.46810941420359775,0.4652633322618761,0.46714238049019363,0.4620994784928363,0.4583916298301041,0.4585106384487747,0.4606955120540809,0.4582313636646804,0.46292834897551904,0.46003958826313235,0.4683144396567746,0.4557449669729184,0.4613536264482251,0.4571685434684221,0.4589207976652077,0.46073492459659987,0.45333916017786646,0.4611756338547745,0.46654189945306934,0.4601619052537238,0.46345330209122015,0.46755269930474297,0.4666899320609877,0.4693557360093152,0.46978522873505324,0.4861010882419395,0.49397427226423907,0.5045453650404077,0.5249475868350363,0.5440717012172918,0.5702401022916513,0.6047296695287606,0.6351885597805255,0.6836938111374322,0.7222764475511029,0.7741118423618034,0.8339748117862019,0.8845768333639288,0.9334736498651225,0.9792643684353421,1.0241824078792539,1.0624032281123013,1.0896346274491946,1.1061031957146732,1.1117537243888167,1.1049812884822714,1.0836920729754493,1.0583746527642761,1.025495948171424,0.9741988753905049,0.928059935217254,0.8734056875603298,0.8224240094618954,0.7680220664906344,0.7231828404889954,0.6735339030431954,0.6258986575682699,0.5947088227011899,0.5584246758143442,0.532137895933269,0.5126613774322581,0.49234852169144966,0.4823023642255168,0.4662149846456318,0.45814639932068296,0.4515301032805242,0.44687410310026776,0.44813168635910033,0.4438612755714483,0.444875390910209,0.44475896262746484,0.43337229990325554,0.4353790010760664,0.43046429064815817,0.43055662545367296,0.42993313597530886,0.42760087254647955,0.4265662940767233,0.42823043608572575,0.423940776143038,0.42902813431427184,0.4226407989775524,0.4326957479123167,0.42176627740726746,0.42217034426583244,0.41688286306290595,0.42468288168277185,0.42170042485023346,0.4179921128471503,0.4118030986075906,0.41520095404228885,0.4099140512042013,0.41635940943690564,0.41307922480448367,0.4096032645037281,,21.7
ECH043,Rubisko,N90,Pluvial,B3,11.93,9.73,0.49889272623368497,0.5007101345981735,0.4988591129535014,0.5051219935510853,0.5017261653871873,0.502134977637203,0.5042512333968691,0.5102171605785679,0.5076879046341196,0.5070753160423409,0.5129881574097739,0.5176669991518039,0.5128742101665282,0.5169301566993354,0.5172969792721971,0.5133082040817252,0.5161173005158444,0.513077592431102,0.5171734603492409,0.5167477093600374,0.5182302687837151,0.5179762801333002,0.5201258627612853,0.5233189609608604,0.5220726037955417,0.5175202784168796,0.5215306583353885,0.5198395535416109,0.5257315837612152,0.5270837473758717,0.5268904235467035,0.5242780679845056,0.5278729673143364,0.5261872856272263,0.5246224921233146,0.5306794378093602,0.5313063113389311,0.5320891633867034,0.5278162736889087,0.5336155755309712,0.52911718493972,0.5332370601896094,0.5306927260087996,0.5329364094093354,0.5283915041274309,0.5377691943135317,0.5433395959397789,0.5480867541182471,0.5632590780092184,0.566207788397981,0.583338223657182,0.6017885776486788,0.6267560662547346,0.6599997138859988,0.6939723321127819,0.7234487247814855,0.7614974976850412,0.7986857738870413,0.8428668742427937,0.8751471106658766,0.8981294115654972,0.9128067374106524,0.9220641727997599,0.9251582182892558,0.9146314141184017,0.8855691736412211,0.8614821783345726,0.8318213030802237,0.7868995608868643,0.750933483808618,0.7077334957915127,0.6640005697950898,0.6312750488403271,0.6009047451370289,0.5721603541093546,0.5503936739575241,0.5403514771066944,0.5191723992973157,0.514775016570438,0.5022339275801924,0.49748899161163146,0.49481878336425994,0.48806415712126083,0.4891514172449828,0.4795377093864785,0.48571129254404194,0.47608168676575885,0.4822118783173375,0.48512514693321296,0.48433496735652926,0.47869467454182635,0.479404893434053,0.4813629954681626,0.48468473004993606,0.4789017904704193,0.4859988126919024,0.4881820543500496,0.4877818146472109,0.49177920596245517,0.49266518956468425,0.49242674400709496,0.4906412844629455,0.4996937262391402,0.49986626966053876,0.5051970813670968,0.5135837816507163,0.522900472485723,0.5266464454462149,0.538498505683471,0.544907925714148,0.5650636896520677,0.5822159918806177,0.6073468304662392,0.6265737915540295,0.6551792426667719,0.6896489976502332,0.7190724947922348,0.7504094403657973,0.7962646304290756,0.8195210259244208,0.8546461775824703,0.8845238940078345,0.9081721001814296,0.9247684526819772,0.9359296226050586,0.9395281110486006,0.9330421112453791,0.9316083549374093,0.9064591796871371,0.8849779883422824,0.853524082383523,0.8214025489530615,0.7870199797560026,0.748979557975688,0.7189313704925724,0.6855466722454476,0.6600063741104626,0.6255490620696915,0.6032924658238679,0.5815495057206199,0.5710494737793388,0.5496309666662929,0.5421760280981078,0.5340236911557508,0.5232984129894948,0.5138655404556118,0.5094639932038822,0.5127039823736069,0.5036710437881491,0.506514806797603,0.5039657372128402,0.5033135994044785,0.5023406147987337,0.49698624967058114,0.49579280544787363,0.49983456244944524,0.494788541276051,0.4874149779237892,0.4965934256410798,0.4905073222793525,0.49397028614617156,0.49568203523778803,0.49046949333675494,0.4923026926158,0.4886534972665913,0.4918118106724288,0.4827016584269809,0.4846832508381857,0.48552923875726095,0.481722848678222,0.4845181096288967,0.4785163397950709,0.4847558412047114,0.48363450530706364,0.47681990549226644,0.47632355958155814,,22.22
ECH073,Fructidor,N90,Pluvial,B3,11.37,10.23,0.4668759045879855,0.47036468636342604,0.4723273733714644,0.47153161248329734,0.47497429424379467,0.47182274103870425,0.47731768503641303,0.4788374968911819,0.4789302350145704,0.4783865753913491,0.48118850050151696,0.4774086488555479,0.48170509288613794,0.48300766096030423,0.4790900764928755,0.48545085575037195,0.4812047517073237,0.484566848509627,0.48684426367703654,0.4853818487306881,0.48864524166532003,0.4893949892123372,0.48750652950083084,0.4924166003909706,0.4891395144566825,0.4989888061274595,0.4924628565853677,0.48991728471062906,0.4910914732358164,0.4980740751506135,0.4939643447436216,0.4916348667949769,0.49879605134406085,0.49547229066822596,0.49914047670263617,0.5004284585976813,0.4988728395497578,0.5056612161923344,0.4937371450145505,0.49693829325891725,0.4991948018808518,0.5074795100032915,0.5070963645370308,0.5070080940401815,0.5028569585858579,0.5062632249999506,0.5102132035618723,0.5165725318485601,0.5319936074735262,0.5383364780104385,0.5538266377819535,0.5756166917970171,0.5917970388253874,0.6248483929461736,0.6533887119931553,0.6911086700613988,0.7276402923770586,0.7653252312476251,0.8041884757944716,0.8367075819317134,0.8620381022469514,0.8827113537396455,0.8887515335692371,0.8932748695536623,0.8805995609393416,0.8606135107576005,0.8327779405179897,0.8016617012870405,0.7714869750606265,0.7276143187461213,0.686740585515408,0.6574044288991948,0.6210408772748943,0.5952146562386691,0.5688750029243359,0.5552388804273802,0.5343832812754717,0.5286656454174671,0.5126178792505345,0.5085677509374379,0.5091675034246999,0.5023600995840932,0.5065383835784522,0.49746467948888407,0.49804751571754696,0.5022928187307489,0.4915238716056599,0.4907556760027718,0.4929547595809738,0.4974948535488804,0.4899636559374393,0.4963396188463591,0.4958977619974847,0.5001451325830822,0.49704302003818357,0.49483326103260183,0.4976986294800979,0.495187543358333,0.49224508606349765,0.49040184446579416,0.4925656667049195,0.4949180053996939,0.4967860532581703,0.49170825894265513,0.5001552917597972,0.5047132924081434,0.511512304866008,0.5217797126351665,0.5266640961029655,0.5351670662052455,0.5471967109248085,0.5727657859688503,0.5896846553197737,0.6201034507714547,0.6504305273192704,0.6735371617327826,0.7143747358774009,0.7529024914835923,0.7890721432828447,0.8161047719027804,0.8541772130332881,0.8837412661647728,0.9150901923797209,0.9345557191885479,0.9379087283382047,0.95006052362847,0.9503866954651765,0.9377199189591764,0.9198886560119016,0.8943736490113088,0.863386270282761,0.8340806214617171,0.7997893674766243,0.7663270032294313,0.7320459447169636,0.6973938931462602,0.6701375162307724,0.6385505230880993,0.6115854662588806,0.5970946906338873,0.5791858858279594,0.5665870436427313,0.5503906160129314,0.5510410023059132,0.5412644636437496,0.5333088640886385,0.5276112157452293,0.5307735086165198,0.5219670162921111,0.5301699139199078,0.5198683343507264,0.5252681642452919,0.5179324944243386,0.5215215087183798,0.5127390613831303,0.5130107158074843,0.5132139462537232,0.5104653421098858,0.5093010730632629,0.5019078899899306,0.5008632730720141,0.5014771213648276,0.4926428161525383,0.4934259746154007,0.48794348655479297,0.48607336995995215,0.48254489170215226,0.47676006996287806,0.47519085412482104,0.4732847235429134,0.46946072716714593,0.47145933190456085,0.46680597517250383,0.4617515381157514,0.4557741722024703,0.4528544564244371,,
ECH085,Fructidor,N180,Pluvial,B5,14.3,9.54,0.5158976081140677,0.5215631552628663,0.5270729687998849,0.5268501481585715,0.5294701744183158,0.5325164437853066,0.5351216742926754,0.5405429264849126,0.5442072160291154,0.5458135637545776,0.5397888173364189,0.5396927040670989,0.5373970672196615,0.5331932520575609,0.5343485732526773,0.5300900197847063,0.5262600275900968,0.5238512951115611,0.5217835140283827,0.519214449233886,0.512695547410317,0.5160888655935437,0.5127310311326138,0.5095835393676035,0.5108374796167454,0.5106996330268164,0.5126821388389956,0.5062630989105189,0.5134931067119027,0.5098180880953895,0.5085418542720838,0.5088162451645087,0.5078219623006222,0.5060204683516495,0.5136996095909298,0.5180360624991631,0.5076691379690715,0.5101104602453945,0.5156870548903422,0.5138326497370405,0.5171367456595584,0.5152138536394023,0.515028219366244,0.5179190963352155,0.5141464129439418,0.5218232373711515,0.5338328876667852,0.5426935215991722,0.5545804313293777,0.5668182391579801,0.5785136356962822,0.6084689131607516,0.6451691357159317,0.6826762991724075,0.7238741219106365,0.7654229452748811,0.8113113867893718,0.8647798301014233,0.9125643581541881,0.9599301819964264,0.9909194695650169,1.0151192245938983,1.0281265695133834,1.0289728657300021,1.0165507982352417,0.9874019146798874,0.9511405912741662,0.9154568591597205,0.8585552149122402,0.8184797479333354,0.7585025518352244,0.715912938644933,0.6783918482580441,0.6386666180377979,0.6037099175972162,0.5836764308627577,0.5626578799492251,0.5465381076758884,0.5339516789343823,0.5274904053071459,0.520034870276363,0.5250651333817554,0.5143093210429128,0.5120682216378555,0.5103235246868811,0.5164276526091816,0.5055736897126317,0.511114017668386,0.5089529540348017,0.5050890373530648,0.5066222783350774,0.5097711225866071,0.5059836408082499,0.5091280801915194,0.5133299039775346,0.5084769431365693,0.5034720546322013,0.505227648753226,0.506949712970987,0.506939275647931,0.5088641991370305,0.5100758409874898,0.5155071187667882,0.5120953240203768,0.5112662575054256,0.5218851763262808,0.5273051147905647,0.5310464453808565,0.538564225190372,0.5526385350964588,0.5644939869485295,0.5765286431849773,0.6053956747779259,0.6309208014893188,0.6605388727859965,0.6851083415579343,0.721610371281942,0.7570312148258356,0.7925651901487349,0.8280848372603535,0.8613084096014919,0.891888227419168,0.9187632396388503,0.9395196314207291,0.9459955298529463,0.9526414272734413,0.949064956959626,0.9382940735139247,0.9178808411672893,0.8995551457009702,0.8728867724426452,0.8395228509519337,0.8064919255344948,0.773671321114397,0.743157833847415,0.7058323452387307,0.6742109851986372,0.6511084567588721,0.6340080745054966,0.6052562856187435,0.59436988207815,0.5826269716441974,0.5615035584368627,0.5615990931779301,0.5558610044934407,0.5484507822364962,0.5436733826707938,0.5410413326504736,0.5396016779912729,0.5378114982732066,0.5355620060509348,0.5343749932923968,0.5373190907525165,0.5283415525877074,0.5248342366229005,0.5316332463173673,0.5251931971737137,0.522185806662053,0.5204303208365797,0.5186500106113177,0.5135690892085151,0.5136574237565708,0.5061504300008578,0.5049490581854313,0.4959680923322533,0.5028470369811063,0.49550007127996326,0.4947347560175879,0.490865232903016,0.4878262524355916,0.4829385890490687,0.48096726833547293,0.473824889706358,0.47017493099957797,0.47044472357338024,0.4658527028261149,,17.09
ECH015,Apache,N90,Pluvial,B5,11.22,9.91,0.4369367217460085,0.4414158494701401,0.44775826313541106,0.447401857312382,0.44343803916699054,0.45306242017965714,0.45839143904417934,0.4570594717430598,0.4637685613711316,0.46178001019080045,0.46245751932166523,0.4703789101600978,0.4676859765849168,0.47517518783630736,0.48261296226069195,0.47577939506842143,0.4803043029648352,0.4835386566692892,0.4887754098664994,0.4900194848267373,0.4972695008198678,0.4976802085551061,0.4978252815936135,0.49806594145169003,0.49985833964751397,0.49689785808146064,0.5026146057767518,0.49702143787241265,0.5029380611994648,0.5038316610291999,0.5005239674953131,0.49877015957704757,0.49971128558161193,0.4889586333222152,0.49732354162750164,0.4948131155212089,0.4936259673087032,0.4944405940658617,0.490595759081229,0.4859030638379575,0.4874732586362577,0.4868347692297503,0.4859986628213289,0.48562296344998795,0.48843661401116734,0.4832507469728496,0.489629895617216,0.4974486490590617,0.4952830343109455,0.5109563341282932,0.5221938975662185,0.5404679938029416,0.5609134824858651,0.5896306901777623,0.6263168061315739,0.6510379004249558,0.6875244558836944,0.7238420847499609,0.768172552930602,0.7932158545166407,0.8203855329294129,0.8374998206152133,0.8451228234456634,0.8467607963644236,0.8446088044955335,0.8221666807992166,0.7885516652158324,0.7603890922890673,0.7196185680065305,0.6789316968834008,0.6499256603643874,0.6150577211237355,0.5827452673470115,0.5503002998271355,0.5277040763913056,0.5112925575906476,0.4950808332623807,0.4811191531828067,0.46879109528307644,0.4677074355068129,0.46614694370579857,0.4562184027945654,0.4596022321626886,0.45723058403478867,0.4574897614356624,0.457153599654004,0.4519389107163317,0.44877043264412264,0.4516883191136948,0.45566437313497155,0.4511034062794771,0.4503955258268959,0.4467744036498242,0.45727051430924237,0.4542816531920914,0.4539328060684584,0.45438613000173633,0.45313664313379665,0.45069435336539715,0.45110272548530034,0.45069250612434675,0.46056960704853117,0.4554589903795549,0.45412656605001583,0.4594510867367943,0.45862493338450927,0.4711440166053821,0.471336205374186,0.4836041206046463,0.496560552186229,0.5086300859690046,0.525042288404685,0.5454679686832431,0.5694196414615864,0.5953871212197236,0.6263472272286681,0.6651907245890674,0.6951338674133551,0.7283967702568707,0.7638275224446274,0.8012390447865325,0.829036013187294,0.8529015612206721,0.8685947313669392,0.8822271960902092,0.8821090314085895,0.878979750137894,0.8707784211682034,0.8515928435576386,0.8210568760875983,0.7916037599836154,0.7611677230622066,0.7306231525229331,0.6836201944033453,0.65470144832401,0.61587826829631,0.5867092160192123,0.5591619302921257,0.533997511447509,0.5121231711951425,0.49558933395747107,0.4789581905173405,0.46400654635255106,0.46102531128109203,0.45330941974998323,0.4476414862261066,0.4359004074239851,0.4378752377808598,0.4362506144896022,0.42895207444105693,0.430309472712875,0.4284556988510887,0.433045013676518,0.43212878132157434,0.42027286693886773,0.4316985982612407,0.42043957674725047,0.42509837008393764,0.4240320776433582,0.4170849787278928,0.4204870252381017,0.41760150684165,0.4184846740323709,0.41639154637049286,0.41814661584252566,0.4136222703883287,0.41171165958490225,0.4143038439558945,0.4115388568839987,0.4107573120918661,0.4053150751631699,0.4029033780411967,0.40305033543964514,0.4015900400657629,0.4044954581513267,0.40373523193425986,,23.15
ECH058,Rubisko,N180,Irrigué,B3,15.47,14.17,0.559435175418853,0.5666442116476159,0.5749215182261297,0.5789824490288277,0.5810187618598296,0.588059883000771,0.5889389278300925,0.5888915500553393,0.5896478654896444,0.5932340262425383,0.5911041421965719,0.585781328630531,0.5903397722699055,0.5837339646929679,0.5869786817332028,0.5748378751472077,0.5753220011621147,0.5706906983241505,0.5670108412676751,0.565924801615003,0.570498459921695,0.5637961326835301,0.5595480036728849,0.5553532456715149,0.5549172493552594,0.5579991143634299,0.557474390072167,0.5586646704373395,0.5526332744255675,0.559401032327454,0.563065760542082,0.5652105495551561,0.5550494628964966,0.5587344607762551,0.5589857704771989,0.5623937552484158,0.5587041775945623,0.5678246245383695,0.5633505138647037,0.5633581233860702,0.5691424541931499,0.5651833935110119,0.5676844919823592,0.5660937613921552,0.567024719229366,0.5734494905773823,0.587889431060622,0.5918516187405165,0.6027538733510518,0.6151709928993637,0.6420206441775521,0.6621229844052693,0.6945815807494035,0.7369320824573197,0.7895717310173151,0.8391820155996536,0.8848371063899514,0.9374154520050834,0.9854523475119449,1.0361264179769802,1.0734268065115695,1.1012123293539264,1.1143460300207675,1.1096008089146168,1.096251218028653,1.0637446749060928,1.0275861124920596,0.976126767008155,0.9253052191886638,0.8690571195515511,0.8127037457033118,0.7624244442449337,0.7076094343932382,0.6672465714646897,0.634071236009116,0.6012630680463953,0.5809144870102539,0.562693864961838,0.5537605754425631,0.5397809636722221,0.5347091469233202,0.5268809425602059,0.5202756776706053,0.519327571143761,0.5189888152142879,0.5188678565867422,0.5138424996445561,0.5086154112647583,0.5080267322630959,0.5120865903293905,0.5061753406648868,0.5189176067122471,0.5158739191683547,0.5129255288758238,0.5124459487615259,0.5199934719902393,0.5149001378718904,0.5167324485048872,0.5192815098254239,0.5240139130197856,0.5280101172724082,0.5327080252301446,0.5359243753666625,0.5373575913997048,0.5461847894122321,0.5484480344666111,0.5543458780764094,0.5696565942356666,0.5841786154576301,0.6032649862575976,0.6250295681551524,0.6539245038617127,0.6895515052932518,0.73032603959423,0.7624450136903277,0.8106658920922892,0.8626763972577992,0.9202508481038761,0.971036591974743,1.0220941850280585,1.0758796466516363,1.1207788558845888,1.154710144961064,1.1800566218621182,1.200534936216768,1.2048317043725274,1.1989012354649276,1.1807769255869995,1.1572757628531227,1.1183442876843233,1.0765049414703174,1.0279675368039738,0.97279109523434,0.9163206915342044,0.8682403627566575,0.8162395423009048,0.7760552604343383,0.7271131401604684,0.6912339504003497,0.6581429454289841,0.630153737207321,0.6075683936292359,0.5913595755809303,0.5778561403089122,0.5686756402681331,0.5576000706108586,0.5487698919450825,0.5442329665892748,0.5374862144066868,0.5435540110891325,0.5346889922863345,0.5373942517119227,0.5337968621117171,0.532546795341401,0.5300719829828612,0.5269197185193673,0.525272472935619,0.5322723331830758,0.5263372928362806,0.5282704016796563,0.5279338590684283,0.5214133921167338,0.5227638319573082,0.5204555320678649,0.5156556032949233,0.5173571948287197,0.5184424761424945,0.5139295344659504,0.5131795982254809,0.5123429260468687,0.5178885040692363,0.5047252826624954,0.5103891609597841,0.5067649957000135,0.5042285280092319,0.5039277847184529,,19.52
ECH024,Apache,N180,Pluvial,B4,14.06,9.81,0.47301730496941513,0.4767802913259693,0.48306905690005014,0.48779165297069227,0.5009456318719183,0.4945893201354258,0.5093866964805459,0.5095868236135378,0.5128707925497293,0.5214263335527534,0.5156084616995632,0.5163372735271079,0.517943126358414,0.5189916711671312,0.5154404424239645,0.5108021017201297,0.5115578574463763,0.5166171956044872,0.5116917648345851,0.5116526636458216,0.5085190919481345,0.5065098118539092,0.5128747089373156,0.5067714237370368,0.5056010068529111,0.5098711058818978,0.5040780564810987,0.5040915896286896,0.5054681085980185,0.5049007179401862,0.5050202028993822,0.5097228601984738,0.5035219784315088,0.4943044177138079,0.5012104903146929,0.499019981159539,0.497613930651767,0.49672990862123145,0.4943852536525798,0.49281833124584395,0.4934234042920652,0.4887797651852748,0.486754904911554,0.49845034803722127,0.48790021255138505,0.49229956559309107,0.49124828126168757,0.5022157595894791,0.5082946926388511,0.5228464773186292,0.5449810995563554,0.5661599249113144,0.594982777989727,0.6221921179876703,0.6725279456415305,0.70726681568694,0.7620051365025464,0.8076994512372212,0.8516805721041535,0.8880344539835643,0.9243249824179605,0.9459669769776116,0.9594444736073844,0.9581072624684517,0.9397578192486508,0.9247099298426189,0.886787890802573,0.843851620373692,0.7971967856631318,0.7515753524542912,0.7000242696707974,0.6508361155491436,0.6179662916351636,0.5826581720415668,0.5504789619872317,0.5231718736687666,0.5075712765347543,0.4881192079107617,0.4784214805612852,0.4712742952264962,0.47041962417814404,0.46289862243822566,0.4599876450418395,0.4654043509137257,0.45938689007013256,0.4585131736240195,0.45579201827559523,0.4546630770847772,0.4495314622996034,0.45868681343976875,0.45684584910919085,0.45470291236152,0.4545826039311101,0.45697092697259806,0.44988503796492274,0.4525933837763046,0.45080978461963206,0.4594533933370003,0.4567843962540511,0.4477154469057262,0.4501652889709396,0.45500511273149724,0.45512105175217477,0.4543091335729873,0.46667961134079705,0.46542444231477326,0.4709383777826853,0.47420048385676766,0.48732230700074824,0.495401680072507,0.5099643072033556,0.5301247212045571,0.544314313591869,0.5784182675274301,0.6020134809229256,0.6362331812663164,0.662594108808115,0.6981508844288304,0.7331284619512887,0.7723786671255725,0.8047550252469408,0.832563017101893,0.8553978619910669,0.8729902239020926,0.8879076386181746,0.8902253952109433,0.8852315066336387,0.8799004741643647,0.8558936817636376,0.8346945368721684,0.7991079512278044,0.7677288782703765,0.7310230923402314,0.6896026881951877,0.6630704318232453,0.6241287157487947,0.5950159623358603,0.561834763144106,0.5383093696164483,0.5144173431785373,0.5023558045941794,0.4844007542885023,0.47225219536163915,0.46539975188442656,0.45706510826221025,0.449878157959296,0.4386676320677632,0.43725336635269607,0.4335334029932522,0.43651750338154666,0.4330544383455632,0.42686782684581487,0.4291634780621402,0.4240615521898328,0.42727311779818095,0.42139563128703567,0.4268949163086427,0.4253914661156288,0.4289233985043216,0.4246720080629125,0.41977177800729004,0.4223881483993487,0.4146146162716598,0.4147736910907646,0.4174938252261745,0.4088329156288651,0.41398976525828285,0.4098147904502044,0.4119350837622961,0.40713533412082115,0.41036105428238817,0.40784906571284363,0.41067861184084864,0.40516848240092246,0.40149815096616975,0.4017049832191701,,17.4
ECH084,Fructidor,N180,Pluvial,B4,14.5,9.55,0.5188929362457462,0.5176701955147008,0.5261917875347758,0.5294859007961361,0.5319061771485952,0.5390985734402646,0.5474366600284392,0.541745164435399,0.5450690952994383,0.5417433528480076,0.5406585848757187,0.5412480288626159,0.5401756554310944,0.5377169198873717,0.5353189016643118,0.527934502449965,0.5278573109094645,0.5282040370251154,0.5198050389838602,0.5202934070407139,0.5200658390345104,0.5150422750805923,0.5169889267161464,0.5103311080148474,0.5168126008882169,0.514779403470423,0.5136212195954821,0.5167937068245774,0.5125469636875529,0.511910238311884,0.5181909487485612,0.5199592214883471,0.5127533364468664,0.5149066504901382,0.5188042963798252,0.515857920107623,0.5183020922300762,0.519297006755511,0.515737645122209,0.5192186003180652,0.5186062693550342,0.5158617432045616,0.5177992583518631,0.5206464913470551,0.5281005747987643,0.532184191665864,0.5373206173962157,0.5445738943613603,0.5558104256173283,0.5706391954781138,0.5909481323408792,0.6164122908030947,0.6418019528861136,0.6805036429431088,0.7220504028707603,0.7751176381821767,0.8261902855363663,0.8647279154323347,0.9238705251160523,0.9624396592523571,1.0004581976830802,1.0239419002637982,1.03966904327871,1.0358452368312456,1.0179372662125024,0.9964471518331836,0.9628129839847376,0.9173618152836785,0.8717950107498832,0.8193781455463982,0.7681260785215258,0.7197747194752332,0.67938469680555,0.6441173827404222,0.606412785917475,0.5845209711842384,0.5607993267883581,0.5495676701097535,0.5435746045704583,0.5281428862751357,0.5279612886957527,0.5303555063057134,0.5234225251407425,0.5176136610930689,0.5185425129194686,0.5110043124725091,0.5097866504448814,0.5141382721506794,0.5148841597401471,0.5166613342004505,0.5113936570655664,0.5134225093001488,0.5130778506590604,0.5119804890177683,0.5119517892142217,0.5094291128230455,0.5127008447289851,0.5123829471777657,0.5105156558566131,0.5140221338735413,0.5155181921838464,0.5151929453393258,0.5112035450045138,0.5164100479326407,0.5159774242255681,0.5226799343978638,0.5247290915674026,0.5380748001677209,0.5454931972859236,0.557999937008836,0.5719651331169909,0.5854597951693858,0.6058763511963202,0.6367677289041692,0.6588484044530125,0.6861756671369795,0.7266881514584644,0.7592375405472364,0.7991256725336991,0.830551888330018,0.8630155518010637,0.8975263476416844,0.9134661763340418,0.93552467218064,0.94694800406137,0.9478878494263373,0.9542831389337458,0.9397113803605401,0.9269413270800979,0.9022861037713252,0.8750757432482656,0.8406173885367174,0.8064235995830618,0.7750887674471388,0.7442876473481763,0.7097382622801742,0.6785948919416852,0.6509163775577019,0.6322421472253272,0.6104670357327892,0.5956925203120162,0.5820047279231702,0.5708979060252592,0.5649301250541144,0.5594323674547084,0.5588954618697781,0.5516553711041676,0.5513801899785878,0.5419312176309233,0.537726486524248,0.5408136077008501,0.5418160007782392,0.539695117298673,0.5394761826150061,0.5263423661602313,0.5356570452630586,0.5306767847158878,0.5226368064894521,0.5268713098467644,0.5224869033412544,0.520261727013513,0.5191351383024291,0.5143483286498609,0.5054790235665594,0.5062491675223252,0.49856684014319713,0.5020884985692267,0.5010548751174486,0.48987110947463547,0.4883455961532767,0.48452089203036924,0.48266946678307776,0.4821966543169757,0.4766314224498391,0.4769987473046405,0.4754016374421363,,
ECH068,Fructidor,N0,Irrigué,B3,8.88,14.6,0.43706385706362216,0.436474993661624,0.4315379065365126,0.421908234003391,0.42497627220372436,0.42094153136829277,0.4227134940678648,0.41980412833432945,0.4180718052817069,0.4241020710642616,0.430013460914512,0.43212009565908654,0.43645600959389796,0.44032444846647845,0.4455985413015889,0.45080767312735937,0.45320679778733236,0.45893984041400576,0.46832519892585156,0.4675924320281598,0.47098227613570287,0.4744456276102562,0.4763591903893844,0.4781937478778817,0.4822540769524957,0.48191888628550683,0.484529416903608,0.48388867590815926,0.48768285070604145,0.4900502741888819,0.4884720962413333,0.4837899744165189,0.492211581824301,0.4913612273945764,0.48852953998090154,0.4942973953975692,0.4882213667986803,0.49597501921154763,0.4930885149334957,0.4868999721458369,0.4947490952922771,0.4936218289057337,0.4940003351407051,0.49461610423181024,0.49810688732672276,0.49942529575105693,0.498734596269534,0.5129411725246538,0.5150304936107943,0.5224794742451624,0.5329224278936895,0.5533563690364047,0.5652378250080361,0.5910128395102786,0.6134782869718047,0.6408254105176306,0.6678721103291057,0.6984319375226581,0.7282201846575375,0.7539189498071481,0.7713485508027016,0.7879564181638965,0.7983791442320377,0.7906004947786621,0.7878348564440412,0.7702291897977198,0.7491861553259084,0.727867441658889,0.6973130129644274,0.6659604602516356,0.6445830404773376,0.6159879117198311,0.5826128980097302,0.5623211153735449,0.5502611188059879,0.5327290187740655,0.5263074667122071,0.5146137702154103,0.5069125206887821,0.4980344146803132,0.49907588050598,0.49132742527708506,0.4973777380815889,0.49355856719112784,0.48899873677323646,0.49329664607249085,0.49716080606118906,0.4894257736287127,0.4914259131293674,0.4882077201746858,0.48950850407153257,0.48449531232948273,0.488794686383147,0.48872447603648017,0.4938144755577613,0.48289637807452873,0.48736481580532354,0.49209353636666187,0.48767072383854426,0.48826542525784267,0.486980235318797,0.48783809844299275,0.48695455592342035,0.49322184485108517,0.49600462970046316,0.504749254544188,0.5094559500707558,0.520308943723686,0.5333730187673115,0.5511849569019476,0.5705025825524107,0.5942856395790944,0.6280636444000475,0.6664220262062879,0.7039541288456909,0.7465603457539433,0.7964911261438914,0.8416392473293813,0.8992298406937274,0.9494137437197823,0.9958880317845366,1.039549474062715,1.0767590555025657,1.1084782552116264,1.1262545530225967,1.1267705423225047,1.1233772284417158,1.1079253345440934,1.086261586107934,1.0500135494073821,1.008647746568938,0.9637894839784538,0.9112773317189184,0.8671129425365864,0.8138460591987774,0.764511079523446,0.7231922792369585,0.6887628380520515,0.649810366512465,0.6249127390046613,0.5959846618872703,0.5758344000518281,0.5643738655844879,0.5474735604774376,0.5431210589775707,0.5345624107352053,0.5255217483639698,0.5238921679824731,0.5193720332992172,0.5196150737248451,0.5221756143362667,0.5135533902242403,0.5144937245198136,0.5111709022394073,0.5092896970921018,0.5067174619156596,0.5024910938650656,0.5037662214703793,0.49944126602823496,0.49499777012091273,0.4980306790319592,0.4924487827338259,0.48853674691848625,0.4902351941352336,0.47764467453436327,0.4838721179186463,0.47429488783458623,0.4744500899573454,0.4689454841908168,0.46486341783276824,0.4685381941985201,0.4671817721139212,0.45802787410461177,0.4568458748285607,0.45323372903846837,0.4555572958564417,,22.39
ECH026,Apache,N180,Irrigué,B1,14.01,14.59,0.43334167579674426,0.43891619148379923,0.4497369048900726,0.45131751965623934,0.4512152456286283,0.4627086407968573,0.4689557922229573,0.47232750101264204,0.4816596334826097,0.47738817337400963,0.4831983176540333,0.4810918162544332,0.48098097971837406,0.47804871913708746,0.4794468621608142,0.4761518266715781,0.4776614365643613,0.47513452664628003,0.47177325011936894,0.4764770591541848,0.47383895660056163,0.47044265161073756,0.47161147299414713,0.4704445029963986,0.4677099016789289,0.4701943027756526,0.46780023392373243,0.4664787948149384,0.46403026490001537,0.4673139386440479,0.4694672433151515,0.46493114163355925,0.47369245056015963,0.4677700106335359,0.4678832829195893,0.4651013729462719,0.4669272300212147,0.4575954394452502,0.4508341727652116,0.4557619473176054,0.4574561524767208,0.45511866328885475,0.4547223599195087,0.4576462274583692,0.45545472995353975,0.4585403535931112,0.4568437564194887,0.4621545044197126,0.4789828719876169,0.48677652081816464,0.5012698409012507,0.5228710829239058,0.5497001244676448,0.5818048640567887,0.617350682518688,0.6580366705432745,0.7058867896369854,0.749229319537243,0.79707226898628,0.8329743090623956,0.8642738007962939,0.8834234483068489,0.8965865886690816,0.8975588849649017,0.8863756051010945,0.8608051936915372,0.8319544965065762,0.7893797293020952,0.7479365295146058,0.6984516851709861,0.6493970742018628,0.6130915885415701,0.575920608002648,0.541846062289285,0.5130644068709068,0.48767546501523723,0.468083562510628,0.45820484662708344,0.4474425307872945,0.4369549651763706,0.43664608149518414,0.4269881251594595,0.4253805786313096,0.43035011638055376,0.42690361238648616,0.4224369660516226,0.4238110746129514,0.422989241166619,0.41394667011014646,0.41917170502006496,0.42147572657938165,0.4203151144528993,0.4218990488747364,0.4243368242913027,0.4197990229449105,0.4174433252254279,0.4215017719673886,0.4195486687646949,0.4201998883690327,0.4201398007455656,0.428393024275128,0.4160378019292268,0.42330783633560914,0.4270305268225867,0.4284206126989302,0.43870491807610273,0.44563819866450877,0.4526925375448417,0.4646419792061223,0.48126953418442175,0.5015043152967499,0.5263125020501901,0.5555469507548945,0.5913846223682484,0.632211420318676,0.6699316594699959,0.7176724178039025,0.7651353680807643,0.8233761709103612,0.8709701704722345,0.918246704009802,0.9539882268861264,0.9982614390705324,1.0170786425063685,1.0354356610098725,1.042692750818002,1.031246115739282,1.015817031733148,0.9912672947543936,0.9639410749535144,0.9139901411997154,0.8706520845962085,0.8192585764152668,0.7655920106667221,0.711196946823365,0.6693643887399119,0.6172311429462497,0.5864020048556541,0.546867908946943,0.5079242107163472,0.4892793005895835,0.47118798081814883,0.45148514102328846,0.4408266353939407,0.42557918527662564,0.416084092659293,0.41359221775878907,0.4092043204549891,0.4045003440613338,0.4064977631342991,0.3981344992514194,0.3999118775889359,0.39774665948386645,0.39162803806274865,0.3912121508310877,0.3941436635351105,0.39902550150155897,0.39380768374987546,0.38588129947941724,0.3807069158535109,0.3912044249670885,0.38766724347648507,0.3903124283738746,0.3831605852414351,0.3857485981146602,0.3861128804978962,0.38108980330590925,0.3799935831843583,0.38016954119852026,0.3805264721606116,0.37764346099021157,0.3793803868411934,0.373829056453466,0.3699713103409226,0.37861488989622816,0.36958405050339554,,
ECH069,Fructidor,N0,Irrigué,B4,9.21,14.3,0.4233449226898823,0.4158461146792273,0.4193481761337946,0.4237697307962205,0.4144844487952064,0.4176221545673031,0.41832932453655064,0.4149480230691784,0.4164128804103117,0.4127801156792073,0.4184258737533813,0.4266244425130476,0.42798128080534503,0.4332238208304898,0.4371184382748858,0.4480137900283299,0.4448430929660583,0.4554999918670801,0.4553834201751359,0.4640392713343757,0.4588819678846136,0.46631491394795904,0.4673872052957789,0.4714142333339908,0.4767403812625236,0.47597452472418417,0.4799926627000165,0.4755842232269497,0.47619876229912766,0.4796320526622155,0.4802586067217124,0.4805073939352196,0.4787995507514871,0.48581832536859987,0.48163045588029896,0.4874547251214422,0.48364398190557023,0.4859644090770691,0.486106384459331,0.4824000161498481,0.4864773430681848,0.4917847763119859,0.487586251486775,0.49069973014321844,0.4917481060526972,0.49300481684986697,0.4961035568449224,0.5020611257092804,0.5094257057951248,0.5120981105722191,0.5286704487786869,0.5422935214990923,0.5599831497893601,0.5867891231595146,0.605625504733252,0.6311507420690273,0.6668615456550552,0.6896862043641465,0.7164128308838053,0.750253914200216,0.7687550980939334,0.7844048953621134,0.7892410182489168,0.7862926747360159,0.7790627794183271,0.7668534645223484,0.7428638310629818,0.7220349525695917,0.691247960915065,0.6634950992384406,0.6340517681662982,0.6070315187381977,0.5822511435935525,0.5577943135443207,0.5408954131161824,0.5259775147150452,0.5060668759725647,0.506148195464279,0.4978324002649685,0.49410808136290296,0.48502209433905724,0.48546671361867044,0.4814343927028719,0.48576711775586373,0.47849760294022015,0.4793377738331553,0.48328347523728843,0.4794390452887678,0.4782428855766687,0.483481877149286,0.48335928474309275,0.4824519981213921,0.48261590663233445,0.4791766317917068,0.47908442545423957,0.47761929959215577,0.47999160773115224,0.4779211404680861,0.47836092293942206,0.4818222814310294,0.48424202346910594,0.48298452181669743,0.4888863982195855,0.4839433104621654,0.4842363523922502,0.49707564074445826,0.4997115613449431,0.5106966216423615,0.518618468344118,0.5370999136148381,0.555137366435733,0.5826093752927326,0.6117326076465623,0.6470458276022542,0.6890748721310854,0.7302427273767494,0.7696923230342317,0.8250827175790378,0.8731807401758129,0.921289171076641,0.9674871474172458,1.0094045098854278,1.0413235910846035,1.0691703329444031,1.0899961011601935,1.0906390081756503,1.0852610987378204,1.073341362033242,1.0457112965521294,1.0112083049303946,0.9759717751285685,0.9372183886615327,0.8858279575427624,0.838661076814082,0.7847536357682736,0.7477693869217503,0.7054635191894096,0.6661072945595894,0.6361803039581485,0.6084288110892049,0.5816230802318315,0.5669554235467676,0.5545244746881354,0.5385051241144714,0.527570636152612,0.5228166524976542,0.5207878213273472,0.5106859009375372,0.5131431618224124,0.5070213323330063,0.5078016860413165,0.5035978766915319,0.5018708283466401,0.5063967653640614,0.49576981285547506,0.49949951770228973,0.5011407594015571,0.49575682640984087,0.4873128320155128,0.4849283559876599,0.48385942005550786,0.4838194162447323,0.481162811694572,0.4737356445424914,0.4719434498383465,0.4691019828381286,0.46795040547106437,0.47140123203389706,0.4596158880712452,0.4564807595789213,0.45304877666261484,0.4554426174491681,0.4505601101137742,0.4452114195129118,0.4441012820280348,0.44018252060461205,,16.59
ECH048,Rubisko,N90,Irrigué,B3,12.16,14.37,0.5278980772713424,0.5343249837580542,0.5307036690667406,0.5320318078915434,0.53156832562976,0.536484762821884,0.5388829203057872,0.5328367032857725,0.535995572051262,0.5408879429850657,0.5388219136812646,0.5387758429696842,0.544307193543107,0.5455881843700232,0.5419044302842462,0.5448418686109675,0.5415062668274645,0.5433473318685006,0.5472831884943128,0.5478563613638968,0.545687206822816,0.5472395886481581,0.5469657869661612,0.552273012350871,0.5457251126570045,0.5492865724740943,0.5473986284470466,0.5548833419054697,0.5488293922273191,0.5549163978267482,0.5602955543810977,0.5609251412871179,0.5509871719534941,0.5577728779359081,0.5543574598406217,0.5541683866457815,0.557812859827214,0.5622355964499891,0.5607566771429848,0.5572585575519272,0.5620533098575106,0.5539058285213422,0.5593575105003975,0.5605742900424181,0.5653988058058305,0.5676820031279923,0.5724140127353332,0.5787886336410852,0.5883648189929879,0.602043004531873,0.6167552654437551,0.6356281680834398,0.6624910630721499,0.6932449770791358,0.7229043122581804,0.7617021394070491,0.8048531882011158,0.8379366442380339,0.8847779275788009,0.909371367236797,0.9399868064665056,0.9574034717686175,0.9761516408522057,0.9667184989085941,0.9546754725445792,0.9331236546183694,0.9041877197433509,0.8662045154646434,0.8260066944021809,0.7733016920558149,0.7419697376567413,0.7019831747809251,0.6687324742712645,0.6376204038186158,0.6059593743931293,0.5865208802508838,0.562710166890624,0.5541374030633078,0.5392116173281444,0.5291268065977959,0.5259646501719734,0.5261607473803757,0.5191380439587868,0.5206091295268238,0.512059114547567,0.5161342540179716,0.5101095100157332,0.5121347312474867,0.5117722843990292,0.5130108991078146,0.5119037328619266,0.5092661448131297,0.5146536752010995,0.5179260114198233,0.5118823551331433,0.5092146240590003,0.5174946852928197,0.5164856828067634,0.5188058211985249,0.5228775830304436,0.522221264203375,0.525655798928867,0.5296905500131469,0.5388079647067782,0.5400631511862067,0.5433635752684587,0.5525308958244071,0.5680240175372643,0.5786812414974635,0.5953745959530249,0.6240197396197563,0.6507341727382426,0.678980048699588,0.7173235818673762,0.7581708466817848,0.8049130881518434,0.8539266663160852,0.8956132240793246,0.9547997667888836,1.0081163983953074,1.0533156894104754,1.0975158669798954,1.1354153364997015,1.1603167869498259,1.1813029086381917,1.1857947427805486,1.176327957907175,1.1592969963612105,1.124358153477367,1.0961263555147776,1.0501700023361444,1.0069317545246754,0.9557528686862751,0.905409572040522,0.8563681035921158,0.803326901470019,0.7650448110231377,0.7180991106319642,0.677540481435974,0.6488732689005441,0.6234281057408131,0.6048838494874074,0.5829392431003891,0.5711348664105922,0.5608054180931886,0.551669719097411,0.5491378950473277,0.5438406634993865,0.5417809557630622,0.5345008741132168,0.53692267959992,0.5274688253201254,0.5259287565485202,0.525173279812153,0.5276801700874135,0.5301658156931498,0.523693818645882,0.5230255252736251,0.5227628525075066,0.5240759951671122,0.5198573335488298,0.5186057432729373,0.5150670562415696,0.5162660241206769,0.520371973781778,0.5159512997860365,0.5122786949816363,0.5170076240536391,0.5103261553853301,0.51510646566094,0.5138049935362523,0.5084931575683035,0.50254443604528,0.5126082223632801,0.5055865450965107,0.5021241220470366,,17.58
